Date,Open,High,Low,Close,Adj Close,Volume,Dividends,Stock Splits,50_EMA,200_EMA,RSI,MACD,Signal,OBV
2005-08-01 00:00:00-04:00,0.22683300077915192,0.25883299112319946,0.22533300518989563,0.2556670010089874,0.23443062603473663,14333544000,0.0,0.0,0.2556670010089874,0.2556670010089874,,0.0,0.0,-14333544000
2005-09-01 00:00:00-04:00,0.2549169957637787,0.28824999928474426,0.24866700172424316,0.2856670022010803,0.26193875074386597,11099136000,0.0,0.0,0.2568434716439715,0.2559655084835356,,0.0023931624882581604,0.0004786324976516321,-3234408000
2005-10-01 00:00:00-04:00,0.289000004529953,0.29958298802375793,0.2542499899864197,0.27958300709724426,0.2563600540161133,9381960000,0.0,0.0,0.25773521813233513,0.2562005084697417,,0.0037555418939862473,0.0011340143769185552,-12616368000
2005-11-01 00:00:00-05:00,0.27958300709724426,0.3208329975605011,0.27366700768470764,0.30125001072883606,0.27622732520103455,13110036000,0.0,0.0,0.2594416805870999,0.25664876222356353,,0.0065085569101795415,0.0022089228835707525,493668000
2005-12-01 00:00:00-05:00,0.30375000834465027,0.3186669945716858,0.2951669991016388,0.30466699600219727,0.27936041355133057,7663404000,0.0,0.0,0.2612152223680841,0.2571265555944952,,0.008863885939998761,0.0035399154948563545,8157072000
2006-01-01 00:00:00-05:00,0.30641698837280273,0.38966700434684753,0.305417001247406,0.3746669888496399,0.3435460925102234,9519288000,0.0,0.0,0.26566431124971374,0.25829611214429765,,0.016192261265265684,0.006070384648938221,17676360000
2006-02-01 00:00:00-05:00,0.367917001247406,0.422666996717453,0.35725000500679016,0.39274999499320984,0.36012712121009827,11871252000,0.0,0.0,0.2706480635533803,0.25963396172488384,,0.02319185767953147,0.00949467925505687,29547612000
2006-03-01 00:00:00-05:00,0.3941670060157776,0.48524999618530273,0.3855000138282776,0.477167010307312,0.4375321567058563,15777384000,0.0,0.0,0.27874684577902464,0.26179846967097764,,0.03514569816955948,0.014624883037957392,45324996000
2006-04-01 00:00:00-05:00,0.4796670079231262,0.5139999985694885,0.46216699481010437,0.4869999885559082,0.44654831290245056,13351836000,0.0,2.0,0.28691363569184364,0.26403928080416106,,0.04489511906141175,0.020678930242648264,58676832000
2006-05-01 00:00:00-04:00,0.4903329908847809,0.5313330292701721,0.3806670010089874,0.382999986410141,0.3511868417263031,14381178000,0.0,0.0,0.2906817278768749,0.2652229694171559,,0.04372563247717315,0.025288270689553242,44295654000
2006-06-01 00:00:00-04:00,0.3873330056667328,0.4115000069141388,0.3186669945716858,0.3548330068588257,0.325359582901001,12274956000,0.0,0.0,0.2931974643075396,0.2661146115807546,,0.040064131713608675,0.02824344289436433,32020698000
2006-07-01 00:00:00-04:00,0.3630000054836273,0.3785000145435333,0.2861669957637787,0.36899998784065247,0.3383498191833496,12104742000,0.0,0.0,0.29617011228923035,0.2671383466679178,,0.03786899276961009,0.030168552869413483,44125440000
2006-08-01 00:00:00-04:00,0.3644999861717224,0.492000013589859,0.3474999964237213,0.485166996717453,0.44486770033836365,16247604000,0.0,0.0,0.30358175481582733,0.2693077859718933,,0.04498448299146862,0.033131738893824515,60373044000
2006-09-01 00:00:00-04:00,0.4779999852180481,0.5208330154418945,0.4390000104904175,0.4931670129299164,0.4522031843662262,11497302000,0.0,0.0,0.3110164708203014,0.2715352409665005,73.1030256547151,0.050684831518517603,0.036642357418763136,71870346000
2006-10-01 00:00:00-04:00,0.49083301424980164,0.5811669826507568,0.46116700768470764,0.5811669826507568,0.5328935384750366,13568772000,0.0,0.0,0.3216106085391428,0.27461615381908017,77.03479528766401,0.06159325223375389,0.04163253638176129,85439118000
2006-11-01 00:00:00-05:00,0.5734999775886536,0.6215000152587891,0.5253329873085022,0.6165000200271606,0.565291702747345,13455474000,0.0,0.0,0.33317489918573173,0.27801798333358846,77.23645380145426,0.07225640817191425,0.047757310739791885,98894592000
2006-12-01 00:00:00-05:00,0.6096670031547546,0.6493330001831055,0.5816670060157776,0.616832971572876,0.565596878528595,10008768000,0.0,0.0,0.34429874516169817,0.2813892767489048,78.03016743397973,0.0798138580111919,0.05416862019407189,108903360000
2007-01-01 00:00:00-05:00,0.6178330183029175,0.6253330111503601,0.4984999895095825,0.5108330249786377,0.46840184926986694,17067402000,0.0,0.0,0.3508295012329507,0.28367229911934994,65.27758123192444,0.07636954111409194,0.058608804378075904,91835958000
2007-02-01 00:00:00-05:00,0.5059999823570251,0.581833004951477,0.5049999952316284,0.5166670083999634,0.4737512469291687,13470912000,0.0,0.0,0.35733293288655904,0.285990654435575,65.39950465547994,0.07326608306462834,0.061540260115386394,105306870000
2007-03-01 00:00:00-05:00,0.5055000185966492,0.5266669988632202,0.46733298897743225,0.4796670079231262,0.4398244321346283,14723250000,0.0,0.0,0.3621303475938754,0.2879177823309735,58.01118504789317,0.06704809073068974,0.06264182623844707,90583620000
2007-04-01 00:00:00-04:00,0.47850000858306885,0.5656669735908508,0.47133299708366394,0.5481669902801514,0.5026347041130066,13520172000,0.0,0.0,0.3694259022090235,0.29050732668867674,61.01075504657327,0.06687674956613371,0.0634888109039844,104103792000
2007-05-01 00:00:00-04:00,0.5581669807434082,0.6000000238418579,0.536666989326477,0.5773329734802246,0.5293781161308289,12620946000,0.0,0.0,0.37757912069024707,0.293361313223916,57.69915378790599,0.068307010851275,0.06445245089344252,116724738000
2007-06-01 00:00:00-04:00,0.5838329792022705,0.7311670184135437,0.5736669898033142,0.6884999871253967,0.6313114166259766,14460498000,0.0,0.0,0.3897720958445667,0.2972930413224382,63.400566955921434,0.07751718233866406,0.06706539718248683,131185236000
2007-07-01 00:00:00-04:00,0.6983330249786377,0.7988330125808716,0.6961669921875,0.7626670002937317,0.6993175745010376,10421874000,0.0,0.0,0.4043954254308085,0.301923627978869,76.2926979155612,0.08976619885829579,0.07160555751764863,141607110000
2007-08-01 00:00:00-04:00,0.7516670227050781,0.8558329939842224,0.675000011920929,0.852666974067688,0.781842052936554,15690222000,0.0,0.0,0.421974701847941,0.3074036612732851,81.75634479166271,0.10551951513503743,0.07838834904112639,157297332000
2007-09-01 00:00:00-04:00,0.8565000295639038,0.9300000071525574,0.7957500219345093,0.906000018119812,0.8307451605796814,9779846000,0.0,1.5,0.4409560867997791,0.31335984392847444,82.62454918551477,0.12091384319493281,0.08689344787188769,167077178000
2007-10-01 00:00:00-04:00,0.9137499928474426,0.9917500019073486,0.8140000104904175,0.8845000267028809,0.8110308051109314,10668964000,0.0,0.0,0.45834996679597917,0.3190428308217521,77.41418286669348,0.1298818918673471,0.09549113667097958,156408214000
2007-11-01 00:00:00-04:00,0.8707500100135803,0.9549999833106995,0.7277500033378601,0.7885000109672546,0.7230048775672913,12056668000,0.0,0.0,0.47129702735171547,0.32371404654459296,68.08900484663411,0.12776988439397674,0.10194688621557901,144351546000
2007-12-01 00:00:00-05:00,0.800000011920929,0.9100000262260437,0.7837499976158142,0.8504999876022339,0.7798550128936768,7581432000,0.0,0.0,0.4861677316752652,0.32895569769939537,67.03921223483147,0.12960497770744295,0.10747850451395181,151932978000
2008-01-01 00:00:00-05:00,0.8529999852180481,0.856249988079071,0.5582500100135803,0.6147500276565552,0.5636870265007019,15496232000,0.0,0.0,0.49121017465492367,0.331799422375586,49.91168343879181,0.11075948446497708,0.10813470050415687,136436746000
2008-02-01 00:00:00-05:00,0.6134999990463257,0.6897500157356262,0.5289999842643738,0.5347499847412109,0.49033209681510925,13630144000,0.0,0.0,0.4929176181877193,0.3338188309563385,46.165840396609624,0.08835051072945654,0.10417786254921681,122806602000
2008-03-01 00:00:00-05:00,0.5339999794960022,0.5417500138282776,0.43274998664855957,0.4947499930858612,0.4536547064781189,15935928000,0.0,0.0,0.4929894760268621,0.3354201360521547,49.1993847010387,0.06659589652280207,0.09666146934393387,106870674000
2008-04-01 00:00:00-04:00,0.5095000267028809,0.5264999866485596,0.4402500092983246,0.5137500166893005,0.47107651829719543,16624308000,0.0,0.0,0.49380361487636953,0.33719456272516113,49.85667057750579,0.050308426915893434,0.08739086085832579,123494982000
2008-05-01 00:00:00-04:00,0.5199999809265137,0.6327499747276306,0.5174999833106995,0.6175000071525574,0.5662087798118591,20393652000,0.0,0.0,0.49865445378916123,0.33998367162493626,56.355658220449556,0.04525062601392116,0.07896281388944486,143888634000
2008-06-01 00:00:00-04:00,0.6175000071525574,0.6337500214576721,0.4647499918937683,0.46799999475479126,0.42912667989730835,17163856000,0.0,0.0,0.4974523181407546,0.34125746588493483,46.5603396933688,0.028846357924931176,0.06893952269654213,126724778000
2008-07-01 00:00:00-04:00,0.4625000059604645,0.46950000524520874,0.26750001311302185,0.28600001335144043,0.2622440457344055,22761908000,0.0,0.0,0.48916007089411484,0.34070764048659163,38.94931547675435,0.0011467606728918778,0.05538097029181208,103962870000
2008-08-01 00:00:00-04:00,0.2784999907016754,0.3529999852180481,0.26374998688697815,0.3160000145435333,0.28975212574005127,18645488000,0.0,0.0,0.482369480448994,0.3404617934622826,34.94341281109065,-0.01817510899555197,0.040669754434339275,122608358000
2008-09-01 00:00:00-04:00,0.32124999165534973,0.3240000009536743,0.2199999988079071,0.26774999499320984,0.24550992250442505,19722456000,0.0,0.0,0.4739530300389633,0.3397382929800033,29.567172721016263,-0.036955206631588744,0.025144762221153673,102885902000
2008-10-01 00:00:00-04:00,0.26374998688697815,0.2685000002384186,0.14925000071525574,0.21899999678134918,0.2008092999458313,20444772000,0.0,0.0,0.463954871871998,0.3385369168984247,22.916349998338347,-0.05513670513106411,0.009088468750710116,82441130000
2008-11-01 00:00:00-04:00,0.22374999523162842,0.2277500033378601,0.14374999701976776,0.18674999475479126,0.17123796045780182,12201968000,0.0,0.0,0.4530840923772056,0.3370265992651547,18.694232039752137,-0.07132578012700452,-0.006994381024832811,70239162000
2008-12-01 00:00:00-05:00,0.17925000190734863,0.23624999821186066,0.16850000619888306,0.2017499953508377,0.18499207496643066,11678692000,0.0,0.0,0.44322785327813236,0.3356805634053108,20.113809516733923,-0.08200011769591137,-0.021995528359048524,81917854000
2009-01-01 00:00:00-05:00,0.2017499953508377,0.2357500046491623,0.1770000010728836,0.19875000417232513,0.18224123120307922,15267320000,0.0,0.0,0.4336404866465321,0.33431807027861443,21.896592260272186,-0.08966804394566658,-0.03553003147637213,66650534000
2009-02-01 00:00:00-05:00,0.19574999809265137,0.24924999475479126,0.18025000393390656,0.2070000022649765,0.18980596959590912,16303064000,0.0,0.0,0.4247526245139221,0.33305122383071756,17.679559177105645,-0.09399570091519871,-0.04722316536413745,82953598000
2009-03-01 00:00:00-05:00,0.20200000703334808,0.29624998569488525,0.18674999475479126,0.24650000035762787,0.22602494060993195,22188612000,0.0,0.0,0.4177623255274008,0.33219001762700523,26.962777377150815,-0.09316414227236763,-0.05641136074578349,105142210000
2009-04-01 00:00:00-04:00,0.2434999942779541,0.3019999861717224,0.2342499941587448,0.28700000047683716,0.26316094398498535,17628704000,0.0,0.0,0.41263439121169243,0.33174036571506327,33.69529572454849,-0.0882201673458552,-0.06277312206579784,122770914000
2009-05-01 00:00:00-04:00,0.2862499952316284,0.3097499907016754,0.2082500010728836,0.2607499957084656,0.23909130692481995,21404532000,0.0,0.0,0.40667814040764433,0.3310339938742016,34.31635451930832,-0.08543534215878984,-0.06730556608439625,101366382000
2009-06-01 00:00:00-04:00,0.26374998688697815,0.3050000071525574,0.25224998593330383,0.28224998712539673,0.25880545377731323,14679120000,0.0,0.0,0.4017986049848111,0.33054858087172595,34.5357359513403,-0.08056477790023658,-0.06995740844756432,116045502000
2009-07-01 00:00:00-04:00,0.2840000092983246,0.33024999499320984,0.24275000393390656,0.3232499957084656,0.2964000403881073,15994748000,0.0,0.0,0.3987182673661309,0.33047595813378305,28.545387665302385,-0.07256003566938468,-0.0704779338919284,132040250000
2009-08-01 00:00:00-04:00,0.3310000002384186,0.37575000524520874,0.3179999887943268,0.3630000054836273,0.3328481912612915,13226924000,0.0,0.0,0.3973175512138759,0.3307995804954731,40.88541767721633,-0.06229067803443783,-0.0688404827204303,145267174000
2009-09-01 00:00:00-04:00,0.36274999380111694,0.41449999809265137,0.3487499952316284,0.37575000524520874,0.34453916549682617,12076336000,0.0,0.0,0.3964717650974576,0.33124684840343066,61.03257366173842,-0.05251792574078423,-0.06557597132450109,157343510000
2009-10-01 00:00:00-04:00,0.37450000643730164,0.37450000643730164,0.29750001430511475,0.29899999499320984,0.274164080619812,15518708000,0.0,0.0,0.3926493427404283,0.33092598419039365,48.125687063414084,-0.05038522404089274,-0.06253782186777943,141824802000
2009-11-01 00:00:00-04:00,0.2985000014305115,0.3477500081062317,0.289000004529953,0.3264999985694885,0.29938003420829773,12858216000,0.0,0.0,0.39005525081215614,0.3308819445324742,56.787983979539256,-0.04594638083927011,-0.059219533662077564,154683018000
2009-12-01 00:00:00-05:00,0.328249990940094,0.4737499952316284,0.3264999985694885,0.46700000762939453,0.42820969223976135,16371668000,0.0,0.0,0.3930726922559694,0.3322363531205033,73.64156319735548,-0.030737071273798156,-0.05352304118442169,171054686000
2010-01-01 00:00:00-05:00,0.46274998784065247,0.4740000069141388,0.3787499964237213,0.38475000858306885,0.35279157757759094,12898492000,0.0,0.0,0.392746312504091,0.3327588770554542,67.23237645316792,-0.025031919016525017,-0.04782481675084235,158156194000
2010-02-01 00:00:00-05:00,0.38624998927116394,0.44749999046325684,0.382999986410141,0.4050000011920929,0.37135961651802063,12861324000,0.0,0.0,0.3932268493153852,0.3334776942110427,67.52910738384324,-0.018661422321741894,-0.04199213786502226,171017518000
2010-03-01 00:00:00-05:00,0.40525001287460327,0.4584999978542328,0.4020000100135803,0.4350000023841858,0.398867666721344,11747816000,0.0,0.0,0.39486501218082837,0.334487866431671,69.46847861176933,-0.011064464162964305,-0.03580660312461067,182765334000
2010-04-01 00:00:00-04:00,0.43700000643730164,0.453249990940094,0.39250001311302185,0.39274999499320984,0.36012712121009827,17109980000,0.0,0.0,0.3947820703303335,0.33506758910392515,64.4947313613228,-0.008356711617755308,-0.0303166248232396,165655354000
2010-05-01 00:00:00-04:00,0.3947499990463257,0.3970000147819519,0.29624998569488525,0.32850000262260437,0.301213800907135,20772720000,0.0,0.0,0.39218277355748143,0.335002239984708,56.160781260569216,-0.011265375406853462,-0.02650637493996237,144882634000
2010-06-01 00:00:00-04:00,0.3240000009536743,0.32774999737739563,0.2552500069141388,0.2552500069141388,0.2340482622385025,13692592000,0.0,0.0,0.38681286114009544,0.33420868542679194,47.72645954867868,-0.019259167202328176,-0.025056933392435532,131190042000
2010-07-01 00:00:00-04:00,0.25600001215934753,0.28700000047683716,0.22300000488758087,0.22975000739097595,0.21066631376743317,19236568000,0.0,0.0,0.38065353354209075,0.33316929559558983,47.77777867979946,-0.027336819799464285,-0.025512910673841285,111953474000
2010-08-01 00:00:00-04:00,0.23375000059604645,0.2562499940395355,0.2162500023841858,0.23325000703334808,0.2138756364583969,19412856000,0.0,0.0,0.37487300309076754,0.33217507381885114,46.394409268763106,-0.033074732036011745,-0.02702527494627538,131366330000
2010-09-01 00:00:00-04:00,0.23675000667572021,0.3089999854564667,0.23350000381469727,0.2919999957084656,0.26774561405181885,17533164000,0.0,0.0,0.37162308123263804,0.3317753217978523,47.759053451752166,-0.032506718514653365,-0.028121563659950978,148899494000
2010-10-01 00:00:00-04:00,0.29624998569488525,0.3059999942779541,0.25949999690055847,0.3005000054836273,0.2755396068096161,15803184000,0.0,0.0,0.36883394100718664,0.3314641246205963,45.307807868278395,-0.031013183283494672,-0.02869988758465972,164702678000
2010-11-01 00:00:00-04:00,0.30250000953674316,0.34599998593330383,0.2985000014305115,0.3402499854564667,0.31198784708976746,14539300000,0.0,0.0,0.3677130015738251,0.33155154612145077,47.43867096949709,-0.026318669434656772,-0.028223643954659133,179241978000
2010-12-01 00:00:00-05:00,0.34700000286102295,0.3855000138282776,0.3465000092983246,0.38499999046325684,0.35302090644836426,11204136000,0.0,0.0,0.368390922706744,0.3320833714382847,56.50529482680815,-0.01877090269289272,-0.026333095702305853,190446114000
2011-01-01 00:00:00-05:00,0.3880000114440918,0.6262500286102295,0.3855000138282776,0.5979999899864197,0.548328161239624,32736884000,0.0,0.0,0.3773951998549666,0.3347293079412512,66.03662126362835,0.004347956143019638,-0.020196885333240756,223182998000
2011-02-01 00:00:00-05:00,0.6032500267028809,0.6542500257492065,0.5444999933242798,0.5665000081062317,0.5194447636604309,24025764000,0.0,0.0,0.3848110746883496,0.33703548406229583,56.74576318034565,0.019898653757431495,-0.012177777515106306,199157234000
2011-03-01 00:00:00-05:00,0.5674999952316284,0.5747500061988831,0.42524999380111694,0.46149998903274536,0.42316654324531555,27597580000,0.0,0.0,0.3878184830940122,0.33827393684807144,55.047680581499876,0.02347941357189276,-0.005046339297706493,171559654000
2011-04-01 00:00:00-04:00,0.4675000011920929,0.5109999775886536,0.4207499921321869,0.5,0.45846861600875854,15322072000,0.0,0.0,0.392217758266796,0.3398831514067971,56.101477196055065,0.02908850645443528,0.001780629852721862,186881726000
2011-05-01 00:00:00-04:00,0.5105000138282776,0.5130000114440918,0.42800000309944153,0.5009999871253967,0.4593854248523712,17162516000,0.0,0.0,0.3964837280259568,0.34148630400101204,54.40293440951994,0.033231372996864184,0.008070778481550326,204044242000
2011-06-01 00:00:00-04:00,0.4987500011920929,0.49950000643730164,0.3714999854564667,0.398499995470047,0.365399569272995,15953784000,0.0,0.0,0.3965627973374898,0.34205360441363925,50.3550479008638,0.02792186599068386,0.012040995983377033,188090458000
2011-07-01 00:00:00-04:00,0.398499995470047,0.40700000524520874,0.3397499918937683,0.34575000405311584,0.31703099608421326,14551656000,0.0,0.0,0.3945701387773183,0.3420903845095544,51.0804887125635,0.019235821402830866,0.013479961067267801,173538802000
2011-08-01 00:00:00-04:00,0.35374999046325684,0.38449999690055847,0.29124999046325684,0.33274999260902405,0.30511078238487244,22571904000,0.0,0.0,0.39214581931973813,0.3419974452866636,55.250676710615004,0.011174266224182827,0.013018822098650807,150966898000
2011-09-01 00:00:00-04:00,0.3372499942779541,0.4025000035762787,0.3095000088214874,0.3127500116825104,0.28677213191986084,20084740000,0.0,0.0,0.3890322582359253,0.3417064260468213,55.665529635105635,0.003135450825415498,0.011042147844003746,130882158000
2011-10-01 00:00:00-04:00,0.3087500035762787,0.3972499966621399,0.2867499887943268,0.3700000047683716,0.339266836643219,14851364000,0.0,0.0,0.38828589535484476,0.34198795419330436,58.69634380537417,0.0013684530147073382,0.009107408878144464,145733522000
2011-11-01 00:00:00-04:00,0.3564999997615814,0.3917500078678131,0.3375000059604645,0.390749990940094,0.35829317569732666,16166032000,0.0,0.0,0.3883825265542663,0.3424731485887948,56.59873051059417,0.0016237276665724831,0.007610672635830069,161899554000
2011-12-01 00:00:00-05:00,0.38749998807907104,0.4012500047683716,0.32774999737739563,0.3465000092983246,0.3177187442779541,9742340000,0.0,0.0,0.38674007489717055,0.34251321685456126,52.933674012433045,-0.0017246879099885315,0.005743600526666349,152157214000
2012-01-01 00:00:00-05:00,0.35749998688697815,0.38100001215934753,0.3375000059604645,0.36924999952316284,0.3385789692401886,11596668000,0.0,0.0,0.38605418958838594,0.34277925449305485,51.89048348813251,-0.0025136218291305634,0.004092156055506967,163753882000
2012-02-01 00:00:00-05:00,0.3734999895095825,0.42250001430511475,0.3682500123977661,0.3787499964237213,0.34728994965553284,13078296000,0.0,0.0,0.385767750640752,0.3431371723232107,49.57294194018251,-0.0023452526759450976,0.002804674309216554,176832178000
2012-03-01 00:00:00-05:00,0.3802500069141388,0.38999998569488525,0.35600000619888306,0.38499999046325684,0.35302090644836426,10325244000,0.0,0.0,0.38573764239849734,0.34355371777734056,29.714282535370813,-0.0016880379724215078,0.0019061318528889417,187157422000
2012-04-01 00:00:00-04:00,0.3840000033378601,0.38725000619888306,0.3187499940395355,0.32499998807907104,0.29800450801849365,9550924000,0.0,0.0,0.3833557736016571,0.34336910355148714,28.184277552855917,-0.005940214244212205,0.0003368626334687124,177606498000
2012-05-01 00:00:00-04:00,0.3232499957084656,0.34200000762939453,0.2957499921321869,0.31075000762939453,0.2849382758140564,11370012000,0.0,0.0,0.3805084886615684,0.3430445354328594,33.71150572765019,-0.010340747208190948,-0.0017986593348632196,166236486000
2012-06-01 00:00:00-04:00,0.30425000190734863,0.3462499976158142,0.29074999690055847,0.34549999237060547,0.31680169701576233,11529368000,0.0,0.0,0.3791356064540797,0.3430689678402002,33.169929123694615,-0.010898536391972968,-0.0036186347462851694,177765854000
2012-07-01 00:00:00-04:00,0.3472500145435333,0.3474999964237213,0.30399999022483826,0.3384999930858612,0.3103832006454468,8499872000,0.0,0.0,0.37754205298865934,0.3430235054048337,32.52687801624414,-0.01176975536617525,-0.005248858870263186,169265982000
2012-08-01 00:00:00-04:00,0.34049999713897705,0.3804999887943268,0.32749998569488525,0.35074999928474426,0.32161569595336914,9917124000,0.0,0.0,0.3764913842159568,0.3431003859409522,43.62908484777152,-0.01134099759658036,-0.006467286615526621,179183106000
2012-09-01 00:00:00-04:00,0.3449999988079071,0.35225000977516174,0.32374998927116394,0.3334999978542328,0.30579856038093567,8749448000,0.0,0.0,0.3748054474958892,0.34300485969133315,48.1945453960868,-0.01225190261945619,-0.007624209816312535,170433658000
2012-10-01 00:00:00-04:00,0.33500000834465027,0.3449999988079071,0.2957499921321869,0.2994999885559082,0.27462276816368103,8135772000,0.0,0.0,0.37185229224334093,0.3425719754014284,45.38514744521852,-0.015538203278049056,-0.009207008508659839,162297886000
2012-11-01 00:00:00-04:00,0.3009999990463257,0.3269999921321869,0.2787500023841858,0.2992500066757202,0.27439334988594055,9985612000,0.001875,0.0,0.3690051437897088,0.34214091103599853,48.017619872981676,-0.017955808294134845,-0.010956768465754841,152312274000
2012-12-01 00:00:00-05:00,0.30300000309944153,0.320250004529953,0.29249998927116394,0.30649998784065247,0.2828544080257416,8037340000,0.0,0.0,0.3665539612034713,0.3417862749843036,39.07056115279733,-0.019066972606468058,-0.012578809293897486,160349614000
2013-01-01 00:00:00-05:00,0.3140000104904175,0.3297500014305115,0.29774999618530273,0.30649998784065247,0.2828544080257416,9181612000,0.0,0.0,0.3641989034245372,0.3414351676495409,34.383682794911905,-0.01972025549953288,-0.014007098535024565,151168002000
2013-02-01 00:00:00-05:00,0.3089999854564667,0.32124999165534973,0.30125001072883606,0.3165000081062317,0.29208293557167053,9901680000,0.001875,0.0,0.3623283585100939,0.341187056609309,43.63057159601405,-0.019209632155255063,-0.015047605259070666,161069682000
2013-03-01 00:00:00-05:00,0.31424999237060547,0.32499998807907104,0.30799999833106995,0.32074999809265137,0.2978210747241974,6613708000,0.0,0.0,0.360697834572155,0.3409837027932229,38.82488178638185,-0.018251627403354287,-0.015688409687927393,167683390000
2013-04-01 00:00:00-04:00,0.3199999928474426,0.34424999356269836,0.3009999990463257,0.34424999356269836,0.31964120268821716,9386076000,0.0,0.0,0.36005282119923515,0.3410162031988893,42.53246518675094,-0.015418414612620834,-0.015634410672866084,177069466000
2013-05-01 00:00:00-04:00,0.34424999356269836,0.37450000643730164,0.33799999952316284,0.3617500066757202,0.33589014410972595,8291540000,0.001875,0.0,0.36011937749243067,0.34122250970114637,45.20124105622644,-0.011626940130949004,-0.014832916564482669,185361006000
2013-06-01 00:00:00-04:00,0.3622500002384186,0.3869999945163727,0.34575000405311584,0.35100001096725464,0.32756415009498596,9295708000,0.0,0.0,0.3597617552757571,0.34131979827095843,56.73575865610954,-0.009381460463864955,-0.013742625344359126,176065298000
2013-07-01 00:00:00-04:00,0.35350000858306885,0.3695000112056732,0.3490000069141388,0.3610000014305115,0.3368964195251465,5229992000,0.0,0.0,0.35981031394849256,0.3415156211879689,63.311258821883605,-0.006717550255104954,-0.012337610326508291,181295290000
2013-08-01 00:00:00-04:00,0.3622500002384186,0.38499999046325684,0.32774999737739563,0.3687500059604645,0.3441289961338043,7857064000,0.001875,0.0,0.3601608901058248,0.34178661009117783,57.187021700329936,-0.003935653858329724,-0.010657219032872579,189152354000
2013-09-01 00:00:00-04:00,0.3697499930858612,0.4025000035762787,0.36675000190734863,0.3889999985694885,0.3648572564125061,4819932000,0.0,0.0,0.36129183553577243,0.34225639505116107,64.42857446962503,-9.58706173064261e-05,-0.008544949349759348,193972286000
2013-10-01 00:00:00-04:00,0.3894999921321869,0.40024998784065247,0.375,0.37975001335144043,0.35618141293525696,5772612000,0.0,0.0,0.3620156856461908,0.3426294658800196,58.430238552050376,0.002175708549774169,-0.006400817769852645,188199674000
2013-11-01 00:00:00-04:00,0.3817499876022339,0.40799999237060547,0.3630000054836273,0.38999998569488525,0.36579516530036926,6629476000,0.002125,0.0,0.36311310917751216,0.3431008143358889,67.12121548731604,0.004748303029445178,-0.004170993609993081,194829150000
2013-12-01 00:00:00-05:00,0.38850000500679016,0.4025000035762787,0.3725000023841858,0.40049999952316284,0.37767794728279114,6167976000,0.0,0.0,0.3645792617400867,0.3436719505069066,85.68906580734844,0.00754736473025297,-0.0018273219419438706,200997126000
2014-01-01 00:00:00-05:00,0.39800000190734863,0.41100001335144043,0.38324999809265137,0.39250001311302185,0.37013381719589233,5421052000,0.0,0.0,0.3656741931664763,0.34415780187612166,81.23954547097372,0.009016176380729213,0.000341377722590746,195576074000
2014-02-01 00:00:00-05:00,0.39524999260902405,0.4762499928474426,0.382999986410141,0.4595000147819519,0.43331578373908997,7722568000,0.002125,0.0,0.3693536371513969,0.34530548558662744,86.60288398124878,0.015408935768444598,0.003354889331761517,203298642000
2014-03-01 00:00:00-05:00,0.4492500126361847,0.4742499887943268,0.4390000104904175,0.4477500021457672,0.4241420328617096,7217988000,0.0,0.0,0.3724280044060781,0.3463248340101015,81.99321195495158,0.019304584585352835,0.006544828382479781,196080654000
2014-04-01 00:00:00-04:00,0.4620000123977661,0.48649999499320984,0.44699999690055847,0.46175000071525574,0.43740373849868774,6937008000,0.0,0.0,0.37593082779075176,0.3474733431315458,82.3136870459786,0.023253544831090767,0.009886571672201978,203017662000
2014-05-01 00:00:00-04:00,0.46875,0.47824999690055847,0.4427500069141388,0.4749999940395355,0.44995513558387756,5612600000,0.002125,0.0,0.37981589313384134,0.3487422650311278,82.9946577653647,0.027139441416086263,0.013337145620978836,208630262000
2014-06-01 00:00:00-04:00,0.476500004529953,0.4932500123977661,0.4557499885559082,0.4634999930858612,0.44108375906944275,5277132000,0.0,0.0,0.3830976225437245,0.34988413297197096,76.88839239995625,0.028957286910406832,0.016461173878864435,203353130000
2014-07-01 00:00:00-04:00,0.46299999952316284,0.49000000953674316,0.43549999594688416,0.4375,0.416341096162796,6269036000,0.0,0.0,0.38523104911063727,0.35075593264389165,66.44951414112468,0.02797745373916022,0.018764429850923595,197084094000
2014-08-01 00:00:00-04:00,0.4375,0.4872500002384186,0.4334999918937683,0.48625001311302185,0.4627334773540497,6079852000,0.002125,0.0,0.3891925771107308,0.35210413244955463,75.20969672729899,0.030779836730941257,0.02116751122692713,203163946000
2014-09-01 00:00:00-04:00,0.48750001192092896,0.5037500262260437,0.4555000066757202,0.4612500071525574,0.44088423252105713,5512388000,0.0,0.0,0.3920183586809985,0.3531901610535646,67.69638390739678,0.030630366101092266,0.02306008220176016,197651558000
2014-10-01 00:00:00-04:00,0.4620000123977661,0.48875001072883606,0.4192500114440918,0.4884999990463257,0.466931015253067,6607212000,0.0,0.0,0.39580195242081523,0.35453652760075627,69.7770451311071,0.032337984008250886,0.024915662563058306,204258770000
2014-11-01 00:00:00-04:00,0.4997499883174896,0.5272499918937683,0.484499990940094,0.5242499709129333,0.5011026859283447,4643096000,0.002125,0.0,0.4008391296165846,0.3562252185789869,71.24901767032229,0.03615918685924985,0.027164367422296616,208901866000
2014-12-01 00:00:00-05:00,0.5220000147819519,0.53125,0.47749999165534973,0.5012500286102295,0.4811457097530365,4257004000,0.0,0.0,0.4047768119300609,0.35766825151462117,68.29820069320941,0.03690618301911308,0.02911273054165991,204644862000
2015-01-01 00:00:00-05:00,0.503250002861023,0.518750011920929,0.47699999809265137,0.47999998927116394,0.46074801683425903,4140352000,0.0,0.0,0.4077267404532414,0.35888548273607934,63.11953538956636,0.03537569330513052,0.030365323094354035,200504510000
2015-02-01 00:00:00-05:00,0.4830000102519989,0.5625,0.47350001335144043,0.5515000224113464,0.5293803811073303,4193540000,0.002125,0.0,0.41336490837316714,0.36080204531991283,68.6881223724715,0.03947715622068432,0.03218768971962009,204698050000
2015-03-01 00:00:00-05:00,0.550000011920929,0.5902500152587891,0.5115000009536743,0.5232499837875366,0.5041974186897278,7310444000,0.0,0.0,0.4176741270168679,0.36241844271760065,65.40954147699665,0.03998710663500876,0.033747573102697825,197387606000
2015-04-01 00:00:00-04:00,0.5252500176429749,0.5709999799728394,0.5162500143051147,0.5550000071525574,0.5347912907600403,5673652000,0.0,0.0,0.42305945564964004,0.3643346771895903,62.27506145100055,0.04246371230913909,0.03549080094398608,203061258000
2015-05-01 00:00:00-04:00,0.559499979019165,0.5720000267028809,0.5095000267028809,0.5532500147819519,0.5331050753593445,7081336000,0.00245,0.0,0.4281649677724758,0.36621443179249935,63.91820607965743,0.04378055539965853,0.03714875183512057,195979922000
2015-06-01 00:00:00-04:00,0.5567499995231628,0.5649999976158142,0.49924999475479126,0.5027499794960022,0.48668622970581055,7333832000,0.0,0.0,0.43108987019300626,0.36757299445621583,54.933811241520054,0.04028485352013611,0.03777597217212368,188646090000
2015-07-01 00:00:00-04:00,0.515250027179718,0.5224999785423279,0.47725000977516174,0.4987500011920929,0.4828139841556549,5480404000,0.0,0.0,0.4337432086635587,0.368878238304334,52.923077374520325,0.0367678825131314,0.03757435424032523,183165686000
2015-08-01 00:00:00-04:00,0.5027499794960022,0.5987499952316284,0.4962500035762787,0.5619999766349792,0.5440430641174316,9469492000,0.00245,0.0,0.43877288583890856,0.37079984764095736,60.75327251274098,0.038638995776441865,0.03778728254754856,192635178000
2015-09-01 00:00:00-04:00,0.5457500219345093,0.6169999837875366,0.5350000262260437,0.6162499785423279,0.5990695953369141,6480208000,0.0,0.0,0.44573277182727794,0.3732421375006725,68.38045889627286,0.04399227274997569,0.03902828058803399,199115386000
2015-10-01 00:00:00-04:00,0.6162499785423279,0.7195000052452087,0.5867499709129333,0.7092499732971191,0.6894768476486206,8052316000,0.0,0.0,0.45606677972805604,0.3765854990508859,71.01790290870092,0.05510390217976502,0.0422434049063802,207167702000
2015-11-01 00:00:00-04:00,0.7114999890327454,0.7985000014305115,0.690750002861023,0.7929999828338623,0.7708920836448669,7344816000,0.002875,0.0,0.46927984651651905,0.380728926750219,78.15018751311834,0.06986254249743395,0.04776723242459095,214512518000
2015-12-01 00:00:00-05:00,0.800000011920929,0.8485000133514404,0.7992500066757202,0.8240000009536743,0.8040695190429688,5627172000,0.0,0.0,0.4831904408081722,0.3851395842049798,78.28836181724796,0.08310236137129146,0.05483425821393106,220139690000
2016-01-01 00:00:00-05:00,0.8072500228881836,0.8360000252723694,0.6612499952316284,0.7322499752044678,0.7145388722419739,8138980000,0.0,0.0,0.4929574813727328,0.3885934189412931,66.0246509707795,0.08520931300618562,0.06090926917238197,212000710000
2016-02-01 00:00:00-05:00,0.7315000295639038,0.8029999732971191,0.6187499761581421,0.7839999794960022,0.7650370597839355,9000048000,0.002875,0.0,0.5043709126716845,0.39252781257865343,70.8594525907281,0.09001721775756488,0.06673085888941856,221000758000
2016-03-01 00:00:00-05:00,0.7860000133514404,0.90625,0.7760000228881836,0.890749990940094,0.8723718523979187,6577904000,0.0,0.0,0.5195230333880928,0.3974852471892151,76.90795447557001,0.10127392788871481,0.07363947268927781,227578662000
2016-04-01 00:00:00-04:00,0.8852499723434448,0.9365000128746033,0.8657500147819519,0.8882499933242798,0.8699234127998352,6734252000,0.0,0.0,0.5339829141699041,0.4023684784940416,74.25278495523192,0.10873973883249988,0.08065952591792223,220844410000
2016-05-01 00:00:00-04:00,0.8967499732971191,1.1705000400543213,0.8600000143051147,1.1679999828338623,1.1439015865325928,10367836000,0.002875,0.0,0.5588463286273142,0.4099867024178209,84.08670154438887,0.13566606008742643,0.09166083275182307,231212246000
2016-06-01 00:00:00-04:00,1.162500023841858,1.2135000228881836,1.1142499446868896,1.1752500534057617,1.1539907455444336,8197900000,0.0,0.0,0.5830190237166651,0.4176012631241686,83.66349935546117,0.15579448196995715,0.10448756259544989,239410146000
2016-07-01 00:00:00-04:00,1.1687500476837158,1.431249976158142,1.1507500410079956,1.4275000095367432,1.4016773700714111,7210052000,0.0,0.0,0.616135925121374,0.4276500068695674,87.30531015676313,0.18991168100552291,0.1215723862774645,246620198000
2016-08-01 00:00:00-04:00,1.433500051498413,1.587499976158142,1.3875000476837158,1.5334999561309814,1.5057603120803833,9305120000,0.002875,0.0,0.6521109851609665,0.43865348895177053,91.99429592403787,0.22293328076448926,0.14184456517486946,255925318000
2016-09-01 00:00:00-04:00,1.534749984741211,1.7297500371932983,1.4329999685287476,1.7130000591278076,1.6851129531860352,8665252000,0.0,0.0,0.6937144782577054,0.4513335543266565,93.28105390607129,0.2605834508344862,0.16559234230679282,264590570000
2016-10-01 00:00:00-04:00,1.7130000591278076,1.8237500190734863,1.5924999713897705,1.7790000438690186,1.7500380277633667,6551568000,0.0,0.0,0.7362746965169725,0.46454416616289895,93.29420023316843,0.29237679140048367,0.190949232125531,271142138000
2016-11-01 00:00:00-04:00,1.7855000495910645,2.3812499046325684,1.6644999980926514,2.305000066757202,2.2674753665924072,12767464000,0.0035,0.0,0.7977933384871776,0.4828571601986632,94.97935721987383,0.3559142903489638,0.22394224377021757,283909602000
2016-12-01 00:00:00-05:00,2.302500009536743,2.9982500076293945,2.1192500591278076,2.6684999465942383,2.628988265991211,18082228000,0.0,0.0,0.8711543819423565,0.5046048496155346,95.61168560185469,0.4306355202203975,0.2652808990602536,301991830000
2017-01-01 00:00:00-05:00,2.609999895095825,2.7972500324249268,2.477750062942505,2.7295000553131104,2.68908429145813,13396840000,0.0,0.0,0.9440306828588567,0.5267431103687443,95.5647050316359,0.4891363725790614,0.31005199376401515,315388670000
2017-02-01 00:00:00-05:00,2.7644999027252197,3.0230000019073486,2.3924999237060547,2.5369999408721924,2.4994351863861084,14206788000,0.0035,0.0,1.0065000655260463,0.5467456658961418,87.45899362448029,0.5140400355533368,0.3508496021218795,301181882000
2017-03-01 00:00:00-05:00,2.594749927520752,2.75,2.3792500495910645,2.723249912261963,2.6863133907318115,14288960000,0.0,0.0,1.0738235889274548,0.5684024245664485,91.81015964480942,0.5425509938856046,0.38918988047462455,315470842000
2017-04-01 00:00:00-04:00,2.723750114440918,2.7412500381469727,2.3872499465942383,2.6075000762939453,2.5721328258514404,9572572000,0.0,0.0,1.1339677649026112,0.588691953439359,87.29039063665391,0.5494721168449397,0.4212463277486876,305898270000
2017-05-01 00:00:00-04:00,2.618499994277954,3.674999952316284,2.5577499866485596,3.608750104904175,3.5598032474517822,19209444000,0.0035,0.0,1.2310180527458099,0.6187422833046805,90.69471636194167,0.6285046557267742,0.4626979933443049,325107714000
2017-06-01 00:00:00-04:00,3.6247498989105225,4.212500095367432,3.5527501106262207,3.614000082015991,3.5687363147735596,23445520000,0.0,0.0,1.3244683284034642,0.6485458434908628,90.77717252220963,0.6836810914211564,0.5068946129596752,348553234000
2017-07-01 00:00:00-04:00,3.6262500286102295,4.2482500076293945,3.4644999504089355,4.062749862670898,4.011865139007568,15491016000,0.0,0.0,1.4318519179825793,0.6825180227861866,91.22107597963476,0.7549169583972475,0.5564990820471897,364044250000
2017-08-01 00:00:00-04:00,4.053249835968018,4.363999843597412,3.8227500915527344,4.236000061035156,4.182945728302002,14728216000,0.0035,0.0,1.5418185118277785,0.7178760530175197,91.61737825593977,0.8159460214714223,0.6083884699320362,378772466000
2017-09-01 00:00:00-04:00,4.24875020980835,4.78000020980835,4.067749977111816,4.469250202178955,4.417160511016846,14447336000,0.0,0.0,1.6566197545866481,0.755203158979325,91.57384152166088,0.8730691331852078,0.6613246025826706,393219802000
2017-10-01 00:00:00-04:00,4.519999980926514,5.197249889373779,4.425000190734863,5.170249938964844,5.109989166259766,11422664000,0.0,0.0,1.7944091735818715,0.7991339727105242,92.75260191991636,0.9637944090215469,0.7218185638704459,404642466000
2017-11-01 00:00:00-04:00,5.233749866485596,5.466750144958496,4.780749797821045,5.017749786376953,4.959268093109131,11830896000,0.00375,0.0,1.9208146878091297,0.841110249463424,89.09789742029542,1.011726799182362,0.7798002109328291,392811570000
2017-12-01 00:00:00-05:00,4.982749938964844,5.007500171661377,4.514500141143799,4.837500095367432,4.784440994262695,10112216000,0.0,0.0,2.035194507713377,0.8808753225569963,85.2321196349979,1.0233721232542372,0.8285145933971108,382699354000
2018-01-01 00:00:00-05:00,4.894499778747559,6.231750011444092,4.862500190734863,6.144999980926514,6.077599048614502,11456216000,0.0,0.0,2.1963633498001665,0.9332546723915189,87.48536008772984,1.1251355774491176,0.8878387902075122,394155570000
2018-02-01 00:00:00-05:00,5.9629998207092285,6.29925012588501,5.099999904632568,6.050000190734863,5.983640670776367,14915528000,0.00375,0.0,2.347486363170155,0.9841675631213035,84.83569231930045,1.1844643907494858,0.947163910315907,379240042000
2018-03-01 00:00:00-05:00,6.047749996185303,6.362500190734863,5.425000190734863,5.789750099182129,5.729804039001465,14118440000,0.0,0.0,2.4824770979157225,1.03198430477365,80.28301825806889,1.196688218473494,0.9970687719474244,365121602000
2018-04-01 00:00:00-04:00,5.718500137329102,5.981249809265137,5.257500171661377,5.622499942779541,5.564284801483154,11144008000,0.0,0.0,2.6056152486946957,1.0776610772911217,80.68622921164037,1.179285926082998,1.0335122027745391,353977594000
2018-05-01 00:00:00-04:00,5.614250183105469,6.512499809265137,5.554999828338623,6.304749965667725,6.239470958709717,11978240000,0.00375,0.0,2.750679355242658,1.1296719120013368,82.42057015347018,1.206636998815621,1.0681371619827555,365955834000
2018-06-01 00:00:00-04:00,6.349999904632568,6.730000019073486,5.875249862670898,5.922500133514404,5.864803791046143,8785540000,0.0,0.0,2.8750644838023343,1.1773617450512182,78.62694604550015,1.1838221888609652,1.0912741673583974,357170294000
2018-07-01 00:00:00-04:00,5.852250099182129,6.414999961853027,5.831500053405762,6.121500015258789,6.061865329742432,6321876000,0.0,0.0,3.0023756811143523,1.2265571507249253,75.18921601708439,1.168331121042927,1.1066855580953034,363492170000
2018-08-01 00:00:00-04:00,6.153250217437744,7.043000221252441,5.9679999351501465,7.017000198364258,6.948641300201416,10917836000,0.00375,0.0,3.15981193669278,1.284173499457655,78.94692395594618,1.214315841820194,1.1282116148402817,374410006000
2018-09-01 00:00:00-04:00,7.003749847412109,7.130499839782715,6.4670000076293945,7.0254998207092285,6.960864067077637,6340200000,0.0,0.0,3.311407539987543,1.3413011245447355,77.24242832666026,1.2371834323390747,1.1500059783400403,380750206000
2018-10-01 00:00:00-04:00,7.104000091552734,7.318999767303467,4.40024995803833,5.270750045776367,5.2222580909729,12977976000,0.0,0.0,3.3882445009988698,1.3804001187858463,57.37080270470324,1.1010206402171816,1.1402089107154687,367772230000
2018-11-01 00:00:00-04:00,5.307499885559082,5.550000190734863,3.332750082015991,4.085750102996826,4.048160076141357,16162340000,0.004,0.0,3.415597661861535,1.4073190241013784,47.59440372195059,0.8872632362507531,1.0896197758225257,351609890000
2018-12-01 00:00:00-05:00,4.315000057220459,4.367000102996826,3.1115000247955322,3.3375000953674316,3.310103178024292,12451408000,0.0,0.0,3.4125350121950997,1.4265248059050208,38.57138362986455,0.6499887654547587,1.0016935737489723,339158482000
2019-01-01 00:00:00-05:00,3.2660000324249268,4.021999835968018,3.1922500133514404,3.59375,3.56424880027771,16870992000,0.0,0.0,3.419641482305096,1.4480892356970108,41.233686289949205,0.47712427200460095,0.8967797134000981,356029474000
2019-02-01 00:00:00-05:00,3.612499952316284,4.131999969482422,3.564500093460083,3.8564999103546143,3.8248419761657715,11445728000,0.004,0.0,3.4367731853658614,1.472053521016987,44.02157167510801,0.35721192073143104,0.7888661548663647,367475202000
2019-03-01 00:00:00-05:00,3.906749963760376,4.625,3.619999885559082,4.488999843597412,4.456738471984863,12068540000,0.0,0.0,3.478036975884746,1.502072887410822,39.0032515744906,0.30964854138029363,0.6930226321691505,379543742000
2019-04-01 00:00:00-04:00,4.581500053405762,4.836750030517578,4.332499980926514,4.525000095367432,4.49247932434082,9437780000,0.0,0.0,3.5190943531193613,1.5321517651019325,39.793185233487456,0.27172684212809095,0.6087634741609386,388981522000
2019-05-01 00:00:00-04:00,4.577750205993652,4.6217498779296875,3.3847498893737793,3.3864998817443848,3.3621621131896973,11180752000,0.004,0.0,3.5138945699281856,1.550602990143151,35.607124888419094,0.14809897704457597,0.516630574737666,377800770000
2019-06-01 00:00:00-04:00,3.397749900817871,4.134250164031982,3.315000057220459,4.10575008392334,4.0808939933776855,8233340000,0.0,0.0,3.5371045900848586,1.5760273393349937,41.47965108103004,0.10692788546299692,0.4346900368827322,386034110000
2019-07-01 00:00:00-04:00,4.3142499923706055,4.472249984741211,3.875,4.2179999351501465,4.192465782165527,8415984000,0.0,0.0,3.5638063683227132,1.6023156238704679,37.475616524166426,0.0824071849147483,0.36423346648913546,394450094000
2019-08-01 00:00:00-04:00,4.228499889373779,4.336249828338623,3.6847500801086426,4.187749862670898,4.1623992919921875,9450328000,0.004,0.0,3.588274740650093,1.6280413376893776,39.128934201759186,0.0598435854280055,0.3033554902769095,384999766000
2019-09-01 00:00:00-04:00,4.114500045776367,4.710000038146973,4.081250190734863,4.351749897003174,4.32968807220459,6347768000,0.0,0.0,3.6182149428600177,1.6551429153939925,38.860738697075874,0.054566197281959106,0.25359763167791943,391347534000
2019-10-01 00:00:00-04:00,4.375,5.222499847412109,4.2532501220703125,5.0254998207092285,5.000023365020752,7696172000,0.0,0.0,3.6734025851286143,1.6886788049991193,37.1050215672802,0.10355608712377862,0.2235893227670913,399043706000
2019-11-01 00:00:00-04:00,4.989999771118164,5.535250186920166,4.964749813079834,5.418499946594238,5.391030311584473,7321800000,0.004,0.0,3.741837775774325,1.7257914531741951,40.08820178484677,0.17210879049353878,0.2132932163123808,406365506000
2019-12-01 00:00:00-05:00,5.411499977111816,6.045249938964844,5.009250164031982,5.882500171661377,5.856996536254883,6543532000,0.0,0.0,3.825785320711072,1.7671517389302867,54.487767832812644,0.26087108270604453,0.22280878959111355,412909038000
2020-01-01 00:00:00-05:00,5.96875,6.487500190734863,5.781750202178955,5.910749912261963,5.8851237297058105,6125412000,0.0,0.0,3.9075486380267934,1.8083815715007512,66.12475420853632,0.3296948398696671,0.24418599964682428,419034450000
2020-02-01 00:00:00-05:00,5.892499923706055,7.9079999923706055,5.886250019073486,6.7517499923706055,6.722477912902832,11848652000,0.004,0.0,4.019085946040277,1.8575693169820433,79.68009404512159,0.4469477062615752,0.28473834096977446,430883102000
2020-03-01 00:00:00-05:00,6.922500133514404,7.122250080108643,4.517000198364258,6.590000152587891,6.565353870391846,15773952000,0.0,0.0,4.119906111002928,1.9046581810179224,76.481505487894,0.5208159453465102,0.33195386184512166,415109150000
2020-04-01 00:00:00-04:00,6.391250133514404,7.605000019073486,5.959750175476074,7.307000160217285,7.279671669006348,11278304000,0.0,0.0,4.244890191364275,1.9584128275771202,78.22956693647384,0.6299512791943567,0.39155334531496866,426387454000
2020-05-01 00:00:00-04:00,7.108749866485596,9.181750297546387,7.020999908447266,8.875499725341797,8.842304229736328,12548876000,0.0,0.0,4.426482722108492,2.0272395628782616,81.1209634525892,0.8333997108606441,0.4799226184241038,438936330000
2020-06-01 00:00:00-04:00,8.833250045776367,9.642499923706055,8.657999992370605,9.497750282287598,9.46222972869873,9719464000,0.004,0.0,4.625355959762575,2.1015730028723842,82.57081972261462,1.0329374187218088,0.5905255784836448,448655794000
2020-07-01 00:00:00-04:00,9.520750045776367,10.79224967956543,9.413000106811523,10.614749908447266,10.579876899719238,8094452000,0.0,0.0,4.8602341538286415,2.1862812307885524,97.47775078308787,1.2666043974095684,0.7257413422688296,456750246000
2020-08-01 00:00:00-04:00,10.732500076293945,13.574999809265137,10.715250015258789,13.374500274658203,13.330560684204102,9672544000,0.0,0.0,5.194126942880781,2.297606793414121,98.01093043994246,1.655393604826668,0.9116717947803973,466422790000
2020-09-01 00:00:00-04:00,13.479999542236328,14.726750373840332,11.70425033569336,13.530500411987305,13.48604965209961,15856552000,0.004,0.0,5.5210435495124095,2.4093768791710684,98.01990505548675,1.953580104728693,1.1200534567700564,482279342000
2020-10-01 00:00:00-04:00,13.758000373840332,14.34850025177002,12.300000190734863,12.534000396728516,12.496561050415039,8022356000,0.0,0.0,5.796061465089512,2.5101194017338293,89.13741925374288,2.0854461065147207,1.3131319867189895,474256986000
2020-11-01 00:00:00-04:00,12.657750129699707,14.691499710083008,12.395000457763672,13.40149974822998,13.361468315124512,7594820000,0.0,0.0,6.094313946781295,2.61849134548006,89.80974464097523,2.2341963854524405,1.4973448664656797,481851806000
2020-12-01 00:00:00-05:00,13.492250442504883,13.731249809265137,12.763250350952148,13.055000305175781,13.01600456237793,5120996000,0.004,0.0,6.367282039267353,2.7223372057755397,86.36878862747386,2.2976367181035666,1.6574032367932572,476730810000
2021-01-01 00:00:00-05:00,13.104249954223633,13.999250411987305,12.586000442504883,12.989749908447266,12.95477294921875,6154172000,0.0,0.0,6.626986661588134,2.8245005162498855,85.3425156739149,2.315951628354984,1.7891129151056027,470576638000
2021-02-01 00:00:00-05:00,13.053250312805176,15.3725004196167,12.902750015258789,13.714500427246094,13.677571296691895,6680324000,0.0,0.0,6.904928377888447,2.9328587243194995,85.69085175366084,2.3617231620646333,1.9036349644974089,477256962000
2021-03-01 00:00:00-05:00,13.875,13.925000190734863,11.566499710083008,13.348250389099121,13.312310218811035,7648656000,0.004,0.0,7.157607672445728,3.036494462277506,82.8801967925091,2.3414532989699897,1.9911986313919252,469608306000
2021-04-01 00:00:00-04:00,13.572250366210938,16.214250564575195,13.511249542236328,15.009499549865723,14.97425365447998,6718796000,0.0,0.0,7.4655250009720024,3.1556288412584834,84.03784020237293,2.4314104241966508,2.0792409899528703,476327102000
2021-05-01 00:00:00-04:00,15.125,16.27750015258789,13.458999633789062,16.24449920654297,16.206350326538086,7054380000,0.0,0.0,7.809798499229688,3.285866357330966,86.56038134552634,2.5726997635912596,2.177932744680548,483381482000
2021-06-01 00:00:00-04:00,16.270000457763672,20.162500381469727,15.903249740600586,20.002500534057617,19.955528259277344,10273292000,0.004,0.0,8.287943677066076,3.452201025756107,89.07630351388576,2.953861605327905,2.3331185168100195,493654774000
2021-07-01 00:00:00-04:00,20.125,20.875,17.86549949645996,19.499000549316406,19.45766830444336,7823077000,0.0,4.0,8.727592966173933,3.6118706727567074,84.99291945773224,3.178665196449023,2.5022278527378203,485831697000
2021-08-01 00:00:00-04:00,19.700000762939453,23.042999267578125,18.761999130249023,22.385000228881836,22.33755111694336,6416386000,0.004,0.0,9.263177564711498,3.798667981772878,86.94050754998217,3.5487914579884627,2.711540573787949,492248083000
2021-09-01 00:00:00-04:00,22.485000610351562,22.986000061035156,20.466999053955078,20.715999603271484,20.675729751586914,4998986000,0.0,0.0,9.712307840733459,3.9669996396982374,78.06643225524856,3.6651947017898916,2.902271399388338,487249097000
2021-10-01 00:00:00-04:00,20.75,25.708999633789062,19.55500030517578,25.566999435424805,25.51730728149414,4971078000,0.0,0.0,10.334060452289982,4.181925010799994,80.34998396655396,4.1015995694210226,3.142137033394875,492220175000
2021-11-01 00:00:00-04:00,25.64900016784668,34.64699935913086,25.226999282836914,32.67599868774414,32.612483978271484,10811170000,0.0,0.0,11.210214892896028,4.465448131963618,85.40283434151695,4.9638699950216445,3.5064836257202288,503031345000
2021-12-01 00:00:00-05:00,33.21900177001953,33.28900146484375,27.145000457763672,29.410999298095703,29.353832244873047,11058505000,0.004,0.0,11.92397114408033,4.713662571427619,78.79247931384386,5.322413881488675,3.8696696768739183,491972840000
2022-01-01 00:00:00-05:00,29.815000534057617,30.711000442504883,20.88800048828125,24.486000061035156,24.4414005279541,10682164000,0.0,0.0,12.416599729058952,4.910402247941128,66.61072184878515,5.149792612584928,4.12569426401612,481290676000
2022-02-01 00:00:00-05:00,25.104000091552734,26.924999237060547,20.889999389648438,24.385000228881836,24.3405818939209,10644270000,0.0,0.0,12.885948768267692,5.104179342278846,67.10446903547242,4.947803966718364,4.290116204556569,470646406000
2022-03-01 00:00:00-05:00,24.291000366210938,28.945999145507812,20.649999618530273,27.285999298095703,27.23630142211914,11644599000,0.004,0.0,13.450656632182517,5.324893968704885,69.88033950364982,4.9645842529229505,4.4250098142298455,482291005000
2022-04-01 00:00:00-04:00,27.375,27.558000564575195,18.290000915527344,18.547000885009766,18.51637077331543,11114390000,0.0,0.0,13.650513269548291,5.456457221603441,55.49522509947863,4.224026663544496,4.384813184092776,471176615000
2022-05-01 00:00:00-04:00,18.541000366210938,20.399999618530273,15.567000389099121,18.672000885009766,18.64116668701172,13833021000,0.0,0.0,13.847434352507566,5.587955168503006,56.087243573816124,3.6056521799739762,4.228980983269016,485009636000
2022-06-01 00:00:00-04:00,18.724000930786133,19.618999481201172,14.862000465393066,15.159000396728516,15.133967399597168,10554791000,0.004,0.0,13.898868315026036,5.683189449380873,50.16399650881172,2.7998413384535645,3.943153054305926,474454845000
2022-07-01 00:00:00-04:00,14.89900016784668,18.243999481201172,14.055000305175781,18.163000106811523,18.136838912963867,10564476000,0.0,0.0,14.06608916960586,5.8073666698528195,52.02589365066903,2.376236338768088,3.6297697111983585,485019321000
2022-08-01 00:00:00-04:00,18.18199920654297,19.27400016784668,14.958999633789062,15.093999862670898,15.072257995605469,12069648000,0.0,0.0,14.106399392863313,5.899770980229119,44.7401966142428,1.772451931062914,3.2583061551712698,472949673000
2022-09-01 00:00:00-04:00,14.208999633789062,14.54699993133545,11.946000099182129,12.138999938964844,12.121514320373535,13130578000,0.004,0.0,14.029246473102589,5.9618528604155445,42.50692167372265,1.043476097139994,2.815340143565015,459819095000
2022-10-01 00:00:00-04:00,12.347000122070312,13.850000381469727,10.812999725341797,13.496999740600586,13.48156452178955,12549277000,0.0,0.0,14.008374052220157,6.036829446288033,40.66072496089622,0.5687801875344043,2.366028152358893,472368372000
2022-11-01 00:00:00-04:00,13.810999870300293,16.99799919128418,12.956000328063965,16.92300033569336,16.90364646911621,10600603000,0.004,0.0,14.122673122160283,6.145149554640326,46.15634098282988,0.4636848051153848,1.9855594829101915,482968975000
2022-12-01 00:00:00-05:00,16.999000549316406,18.790000915527344,13.883999824523926,14.61400032043457,14.601021766662598,8946152000,0.0,0.0,14.141940855425942,6.229416726439274,38.29782681489746,0.1918672273007438,1.626821031788302,474022823000
2023-01-01 00:00:00-05:00,14.85099983215332,20.628000259399414,14.034000396728516,19.53700065612793,19.519651412963867,9454960000,0.0,0.0,14.35351182800249,6.361830496883937,35.27447280060302,0.3694361919479938,1.3753440638202405,483477783000
2023-02-01 00:00:00-05:00,19.69099998474121,23.88800048828125,19.611000061035156,23.215999603271484,23.19538116455078,10393479000,0.0,0.0,14.701060368209118,6.529533672071873,43.12079401150009,0.797828474085378,1.259840945873268,493871262000
2023-03-01 00:00:00-05:00,23.191999435424805,27.833999633789062,22.297000885009766,27.777000427246094,27.752330780029297,11263731000,0.004,0.0,15.213842331308609,6.740951251725348,53.68425822144036,1.4882119121558297,1.3055151391297803,505134993000
2023-04-01 00:00:00-04:00,27.509000778198242,28.110000610351562,26.219999313354492,27.749000549316406,27.72906494140625,7436450000,0.0,0.0,15.705417163387347,6.949986568119289,53.77214672888414,2.0099173287903547,1.4463955770618953,497698543000
2023-05-01 00:00:00-04:00,27.84000015258789,41.9379997253418,27.239999771118164,37.83399963378906,37.80681610107422,11697819000,0.0,0.0,16.573204711246238,7.257290180713019,60.1865808031878,3.2002571995156224,1.7971679015526407,509396362000
2023-06-01 00:00:00-04:00,38.48899841308594,43.9900016784668,37.35599899291992,42.301998138427734,42.271602630615234,10527050000,0.004,0.0,17.582177002508256,7.605993742481325,75.0036819543123,4.452811027952283,2.3282965268325695,519923412000
2023-07-01 00:00:00-04:00,42.516998291015625,48.0880012512207,41.34600067138672,46.729000091552734,46.700260162353516,8706845000,0.0,0.0,18.725189672666865,7.995277387745718,77.07943156187939,5.736563487769299,3.0099499190199155,528630257000
2023-08-01 00:00:00-04:00,46.459999084472656,50.26599884033203,40.31100082397461,49.35499954223633,49.32464599609375,13632152000,0.0,0.0,19.926358687159784,8.406816911670997,83.57948037766087,6.886459946794204,3.7852519245747733,542262409000
2023-09-01 00:00:00-04:00,49.762001037597656,49.79999923706055,40.97999954223633,43.499000549316406,43.47224807739258,8579273000,0.004,0.0,20.850776015087494,8.755992868264485,73.55960677472375,7.241752581104503,4.4765520558807195,533683136000
2023-10-01 00:00:00-04:00,44.029998779296875,47.60900115966797,39.22999954223633,40.779998779296875,40.758277893066406,10141101000,0.0,0.0,21.632314162703548,9.074639693249882,74.0415564207614,7.220688235094155,5.025379291723406,523542035000
2023-11-01 00:00:00-04:00,40.88399887084961,50.54800033569336,40.86899948120117,46.77000045776367,46.74508285522461,9144618000,0.0,0.0,22.61810578211767,9.44971790981221,80.67133061339221,7.5997326764156625,5.540249968661858,532686653000
2023-12-01 00:00:00-05:00,46.525001525878906,50.43299865722656,45.0099983215332,49.52199935913086,49.49562072753906,7411887000,0.004,0.0,23.67316043219662,9.848447078462147,81.13709747695786,8.02963085275763,6.038126145481012,540098540000
2024-01-01 00:00:00-05:00,49.24399948120117,63.49300003051758,47.31999969482422,61.527000427246094,61.4996337890625,9706237000,0.0,0.0,25.157624745727972,10.362661539644078,83.57319138687454,9.232603801447766,6.6770216766743635,549804777000
2024-02-01 00:00:00-05:00,62.099998474121094,82.39399719238281,61.650001525878906,79.11199951171875,79.0768051147461,11061356000,0.0,0.0,27.273482579688395,11.046734554291588,89.47052703531973,11.472681066545292,7.6361535546485495,560866133000
2024-03-01 00:00:00-05:00,80.0,97.4000015258789,79.43499755859375,90.35600280761719,90.31581115722656,12149218000,0.004,0.0,29.74730690235227,11.835881502085872,90.22663981218126,13.99394208056465,8.907711259831771,573015351000
2024-04-01 00:00:00-04:00,90.29900360107422,92.2249984741211,75.60600280761719,86.4020004272461,86.36763000488281,10072334000,0.0,0.0,31.96905958960301,12.57783293417702,85.7791596321941,15.49439491213922,10.225047990293263,562943017000
2024-05-01 00:00:00-04:00,85.0770034790039,115.81900024414062,81.25499725341797,109.63300323486328,109.5893783569336,9645174000,0.0,0.0,35.014704438436745,13.543556021746037,88.26119287431584,18.34657447808717,11.849353287852045,572588191000
2024-06-01 00:00:00-04:00,113.62100219726562,140.75999450683594,112.00299835205078,123.54000091552734,123.49083709716797,7424176700,0.01,10.0,38.4862846924403,14.638048010738887,89.63251458135429,21.48150045467387,13.77578272121641,580012367700
2024-07-01 00:00:00-04:00,123.47000122070312,136.14999389648438,102.54000091552734,117.0199966430664,116.9830322265625,6405438600,0.0,0.0,41.56603810226878,15.656773867776971,83.7582232081001,23.172721315396778,15.655170440052485,573606929100
2024-08-01 00:00:00-04:00,117.52999877929688,131.25999450683594,90.69000244140625,119.37000274658203,119.33230590820312,8105367800,0.0,0.0,44.61717397067322,16.68874629443175,83.45952433847395,24.421140182449918,17.40836438853197,581712296900
2024-09-01 00:00:00-04:00,116.01000213623047,127.66999816894531,100.94999694824219,121.44000244140625,121.40164947509766,6271163200,0.01,0.0,47.62983391070197,17.73104735062055,83.11393194292195,25.286070721381236,18.983905655101825,587983460100
2024-10-01 00:00:00-04:00,121.7699966430664,144.4199981689453,115.13999938964844,132.75999450683594,132.72943115234375,5627917200,0.0,0.0,50.968271581138595,18.875613988990853,84.32219296646902,26.57858181298414,20.50284088667829,593611377300
2024-11-01 00:00:00-04:00,134.6999969482422,152.88999938964844,131.8000030517578,138.25,138.21817016601562,4497414600,0.0,0.0,54.391084460309635,20.063418824921293,89.10901983042727,27.726292288048114,21.947531166952256,598108791900
2024-12-01 00:00:00-05:00,138.8300018310547,146.5399932861328,126.86000061035156,134.2899932861328,134.2590789794922,4085855200,0.01,0.0,57.52437500249878,21.200001655381108,88.20538751941045,27.993628537341905,23.156750641030186,594022936700
2025-01-01 00:00:00-05:00,136.0,153.1300048828125,116.25,120.06999969482422,120.05062103271484,5948400800,0.0,0.0,59.97714459827625,22.183782730400445,78.06106511671338,26.749705841757233,23.8753416811756,588074535900
2025-02-01 00:00:00-05:00,114.75,143.44000244140625,113.01000213623047,124.91999816894531,124.89983367919922,4755230400,0.0,0.0,62.52392316967504,23.206033630286466,78.40790604024338,25.857177045810175,24.271708754102516,592829766300
2025-03-01 00:00:00-05:00,123.51000213623047,123.69999694824219,103.6500015258789,108.37999725341797,108.36251068115234,6177950300,0.01,0.0,64.32220058472377,24.053535755889765,67.0696047586969,23.5438033913844,24.126127681558895,586651816000
2025-04-01 00:00:00-04:00,108.5199966430664,115.0999984741211,86.62000274658203,108.91999816894531,108.91243743896484,6811006400,0.0,0.0,66.0711338233207,24.89797816795997,62.39974503520683,21.506102699367688,23.602122685120655,593462822400
2025-05-01 00:00:00-04:00,113.08000183105469,143.49000549316406,110.81999969482422,135.1300048828125,135.12062072753906,4756803800,0.0,0.0,68.77932484526156,25.99481425467492,66.5630858419382,21.755356508160332,23.232769449728593,598219626200
2025-06-01 00:00:00-04:00,135.49000549316406,158.7100067138672,135.39999389648438,157.99000549316406,157.97903442382812,3821296800,0.01,0.0,72.27778290988519,27.308199242122576,73.2325978162923,23.526306332875933,23.291476826358064,602040923000
2025-07-01 00:00:00-04:00,156.2899932861328,174.72000122070312,151.49000549316406,173.5,173.5,3028778892,0.0,0.0,76.24728161930146,28.76284402578305,71.820397200604,25.882961098279623,23.809773680742378,605069701892
