Date,Open,High,Low,Close,Adj Close,Volume,Dividends,Stock Splits,Capital Gains,50_EMA,200_EMA,RSI,MACD,Signal,OBV
2005-04-01 00:00:00-05:00,36.81999969482422,37.06999969482422,34.349998474121094,34.97999954223633,29.9462833404541,2345433600,0.0,0.0,0.0,34.97999954223633,34.97999954223633,,0.0,0.0,-2345433600
2005-05-01 00:00:00-04:00,35.099998474121094,38.27000045776367,34.88999938964844,38.08000183105469,32.60018539428711,1881340000,0.0,0.0,0.0,35.101568259444896,35.01084533615492,,0.24729362987724812,0.049458725975449626,-464093600
2005-06-01 00:00:00-04:00,38.029998779296875,38.68000030517578,36.70000076293945,36.779998779296875,31.48726463317871,1943627500,0.035,0.0,0.0,35.16738906414498,35.02844885300211,,0.33452009212088285,0.10647099920453629,-2407721100
2005-07-01 00:00:00-04:00,36.86000061035156,39.91999816894531,36.54999923706055,39.58000183105469,33.91564178466797,1620613000,0.0,0.0,0.0,35.340432702063005,35.073737937360846,,0.6224097849919232,0.2096587563620137,-787108100
2005-08-01 00:00:00-04:00,39.63999938964844,40.13999938964844,38.2599983215332,38.97999954223633,33.40151596069336,1714890300,0.0,0.0,0.0,35.483160813442346,35.112606212036226,,0.7930079682188591,0.3263285987333828,-2501998400
2005-09-01 00:00:00-04:00,39.0,39.90999984741211,38.2400016784668,39.459999084472656,33.812808990478516,1676662500,0.0,0.0,0.0,35.639115255443535,35.15586385255798,,0.9559209474130128,0.45224706846930884,-825335900
2005-10-01 00:00:00-04:00,39.540000915527344,39.880001068115234,37.33000183105469,38.869998931884766,33.3072509765625,2279169700,0.0,0.0,0.0,35.76581657608829,35.19282042051148,,1.0256000961773424,0.5669176740109156,-3104505600
2005-11-01 00:00:00-05:00,38.779998779296875,42.02000045776367,38.709999084472656,41.2400016784668,35.33808898925781,1718491700,0.0,0.0,0.0,35.98049050167176,35.252991378302085,,1.2575643196240023,0.705047003133533,-1386013900
2005-12-01 00:00:00-05:00,41.5099983215332,42.310001373291016,40.36000061035156,40.40999984741211,34.62687683105469,1416706400,0.101,0.0,0.0,36.15419675052432,35.30430489540766,,1.3587604817317072,0.8357896988531679,-2802720300
2006-01-01 00:00:00-05:00,40.650001525878906,43.310001373291016,40.15999984741211,42.0,36.07612609863281,1968905800,0.0,0.0,0.0,36.38344393677827,35.37092872729416,,1.5493983931993753,0.9785114377224094,-833814500
2006-02-01 00:00:00-05:00,41.7400016784668,42.16999816894531,40.2599983215332,41.099998474121094,35.30307388305664,1646562100,0.0,0.0,0.0,36.568406859811326,35.42793439641681,,1.6093066249834251,1.1046704751746126,-2480376600
2006-03-01 00:00:00-05:00,41.22999954223633,42.29999923706055,40.189998626708984,41.93000030517578,36.0159912109375,2185862300,0.029,0.0,0.0,36.77866542629621,35.4926315696383,,1.7041145694569622,1.2245592940310825,-294514300
2006-04-01 00:00:00-05:00,42.150001525878906,43.04999923706055,41.38999938964844,41.849998474121094,35.972511291503906,1763904700,0.0,0.0,0.0,36.977541232093266,35.55588895177246,,1.752592276530649,1.3301658905309959,-2058419000
2006-05-01 00:00:00-04:00,41.91999816894531,42.279998779296875,38.22999954223633,38.81999969482422,33.36803436279297,2709535300,0.0,0.0,0.0,37.04979450514154,35.58836766563367,60.378368090688255,1.5288915201740423,1.3699110164596053,-4767954300
2006-06-01 00:00:00-04:00,38.93000030517578,40.0,37.15999984741211,38.77000045776367,33.325050354003906,3052135000,0.026,0.0,0.0,37.117253562107116,35.62002570336631,60.21562580715213,1.3322155865089087,1.3623719304694661,-7820089300
2006-07-01 00:00:00-04:00,38.88999938964844,39.0,35.540000915527344,37.099998474121094,31.91108512878418,2462886000,0.0,0.0,0.0,37.11657689199002,35.63475180058776,47.1378436733357,1.0297232798253262,1.2958422003406382,-10282975300
2006-08-01 00:00:00-04:00,36.77000045776367,39.029998779296875,36.2599983215332,38.869998931884766,33.43349838256836,2281929100,0.0,0.0,0.0,37.185338540613344,35.666943314332,55.940870726116906,0.9221897623327209,1.221111712739055,-8001046200
2006-09-01 00:00:00-04:00,39.08000183105469,40.95000076293945,38.31999969482422,40.650001525878906,34.96455764770508,2234461000,0.023,0.0,0.0,37.32120767729043,35.716525983103615,53.22872277973079,0.9694250793470829,1.1707743860606605,-5766585200
2006-10-01 00:00:00-04:00,40.599998474121094,42.91999816894531,39.880001068115234,42.58000183105469,36.64570617675781,2410484000,0.0,0.0,0.0,37.52743489900668,35.784819275123034,60.05586502886275,1.1493453654054377,1.166488581929616,-3356101200
2006-11-01 00:00:00-05:00,42.72999954223633,44.86000061035156,41.61000061035156,44.040000915527344,37.902217864990234,2370363000,0.0,0.0,0.0,37.78282964475259,35.86696038597283,62.12923409900669,1.393677763039797,1.2119264181516523,-985738200
2006-12-01 00:00:00-05:00,44.0,44.7599983215332,42.880001068115234,43.15999984741211,37.14487838745117,1898275500,0.054,0.0,0.0,37.99369906446473,35.939527942803075,61.18935292272865,1.4990243966297143,1.2693460138472648,-2884013700
2007-01-01 00:00:00-05:00,43.459999084472656,45.400001525878906,42.52000045776367,44.06999969482422,37.974266052246094,2620557700,0.0,0.0,0.0,38.23198536369451,36.0204281592411,57.98982590042203,1.6370706142315612,1.3428909339241242,-263456000
2007-02-01 00:00:00-05:00,44.27000045776367,45.54999923706055,42.93000030517578,43.33000183105469,37.33661651611328,2394303300,0.0,0.0,0.0,38.4319075781008,36.09316023557756,58.28604113593069,1.667539238727393,1.4078205948847782,-2657759300
2007-03-01 00:00:00-05:00,42.54999923706055,44.45000076293945,42.060001373291016,43.529998779296875,37.508941650390625,2886831700,0.027,0.0,0.0,38.63183272324574,36.16715862904741,54.71348879494607,1.6883615445171998,1.4639287848112625,229072400
2007-04-01 00:00:00-04:00,43.66999816894531,46.70000076293945,43.29999923706055,45.959999084472656,39.627777099609375,1840448700,0.0,0.0,0.0,38.91921179623503,36.264599827608855,63.68243250499713,1.8792809076484005,1.5469992093786902,2069521100
2007-05-01 00:00:00-04:00,45.970001220703125,47.52000045776367,45.65999984741211,47.40999984741211,40.87800979614258,2575501900,0.0,0.0,0.0,39.25218387667336,36.375499330293465,64.90750604944952,2.123114875149234,1.662222342532799,4645023000
2007-06-01 00:00:00-04:00,47.58000183105469,47.91999816894531,46.15999984741211,47.599998474121094,41.04182434082031,2815209900,0.037,0.0,0.0,39.579549155004635,36.48718588893852,65.54894717231664,2.3051144281691265,1.7908007596600646,7460232900
2007-07-01 00:00:00-04:00,47.709999084472656,50.65999984741211,47.43000030517578,47.529998779296875,41.013511657714844,2780452500,0.0,0.0,0.0,39.89133149321218,36.59706462416597,78.04249764682532,2.415853539031559,1.9158113155343637,4679780400
2007-08-01 00:00:00-04:00,47.38999938964844,49.060001373291016,44.38999938964844,48.869998931884766,42.1697998046875,3835583500,0.0,0.0,0.0,40.24343609865032,36.719183373496506,80.02377722167564,2.5819784552808613,2.0490447434836634,8515363900
2007-09-01 00:00:00-04:00,48.93000030517578,51.68000030517578,47.810001373291016,51.40999984741211,44.36155319213867,1980639900,0.026,0.0,0.0,40.68134055938608,36.86536065184393,90.44658701014615,2.885330203948101,2.2163018355765507,10496003800
2007-10-01 00:00:00-04:00,51.45000076293945,55.06999969482422,51.34000015258789,55.029998779296875,47.50993347167969,3400285100,0.0,0.0,0.0,41.24403303859827,37.04610331977879,91.35108046337841,3.3788925405876213,2.448819976578765,13896288900
2007-11-01 00:00:00-04:00,54.68000030517578,54.77000045776367,48.650001525878906,51.310001373291016,44.29827880859375,4567776300,0.0,0.0,0.0,41.63877689486073,37.188032653644576,74.81378924784194,3.430328851258146,2.6451217515146412,9328512600
2007-12-01 00:00:00-05:00,51.09000015258789,52.84000015258789,49.18000030517578,51.220001220703125,44.2205924987793,2233867700,0.053,0.0,0.0,42.014511182148674,37.32765423142626,71.99593435454868,3.4243563890270963,2.8009686790171324,7094644900
2008-01-01 00:00:00-05:00,51.27000045776367,51.470001220703125,41.61000061035156,45.130001068115234,39.00342559814453,4828694600,0.0,0.0,0.0,42.136687256108154,37.405289523333614,52.24557164127752,2.8948411270837653,2.819743168630459,2265950300
2008-02-01 00:00:00-05:00,45.5,45.880001068115234,42.150001525878906,42.95000076293945,37.11935806274414,3020516600,0.0,0.0,0.0,42.16858190343488,37.4604607794491,49.589364197033575,2.2730859416488016,2.710411723234128,-754566300
2008-03-01 00:00:00-05:00,42.91999816894531,45.06999969482422,41.04999923706055,43.720001220703125,37.78482437133789,3404279700,0.033,0.0,0.0,42.229421876661085,37.522744763939194,49.31183921563921,1.8214762352561351,2.5326246256385296,2649713400
2008-04-01 00:00:00-04:00,44.41999816894531,48.060001373291016,43.68000030517578,47.209999084472656,40.832942962646484,2616810900,0.0,0.0,0.0,42.424738629908596,37.61913535419326,56.884312033112344,1.7252977907733396,2.3711592586654917,5266524300
2008-05-01 00:00:00-04:00,47.22999954223633,50.470001220703125,47.220001220703125,50.0099983215332,43.25472640991211,2682797700,0.0,0.0,0.0,42.722199794286034,37.74242752302252,60.5263167679024,1.8536445578440848,2.2676563185012104,7949322000
2008-06-01 00:00:00-04:00,49.91999816894531,50.61000061035156,44.970001220703125,45.16999816894531,39.0684928894043,3542909100,0.034,0.0,0.0,42.818191887409924,37.81633369860385,48.809880929476016,1.5469801089569586,2.1235210765923602,4406412900
2008-07-01 00:00:00-04:00,44.810001373291016,46.150001525878906,43.29999923706055,45.459999084472656,39.34673309326172,3953264300,0.0,0.0,0.0,42.921792169647674,37.892390070602545,46.955977100379435,1.312220512817298,1.961260963837348,8359677200
2008-08-01 00:00:00-04:00,45.5099983215332,48.56999969482422,44.29999923706055,46.119998931884766,39.91800308227539,2893866300,0.0,0.0,0.0,43.04721204267658,37.974256825441174,47.72307736007425,1.1659875348624809,1.8022062780423744,11253543500
2008-09-01 00:00:00-04:00,46.869998931884766,47.08000183105469,37.18000030517578,38.90999984741211,33.67756271362305,5188670400,0.028,0.0,0.0,42.88496842717601,37.983567701281686,39.127144432211026,0.46297330853126795,1.5343596841401532,6064873100
2008-10-01 00:00:00-04:00,38.84000015258789,38.970001220703125,28.09000015258789,32.88999938964844,28.48628807067871,7240779800,0.0,0.0,0.0,42.493008857076894,37.93288542952415,31.972020501245424,-0.5733253190829544,1.1128226834955317,-1175906700
2008-11-01 00:00:00-04:00,32.810001373291016,34.0099983215332,25.049999237060547,29.1200008392334,25.22107696533203,3919285900,0.0,0.0,0.0,41.96857717010264,37.845195035590905,25.532379603049506,-1.6794472015023274,0.5543687064959599,-5095192600
2008-12-01 00:00:00-05:00,28.5,30.829999923706055,26.84000015258789,29.739999771118164,25.758056640625,2944238700,0.043,0.0,0.0,41.48902511524051,37.76454632649167,20.282017787788135,-2.4774693062503204,-0.05199889605329616,-2150953900
2009-01-01 00:00:00-05:00,29.75,31.6299991607666,27.959999084472656,29.059999465942383,25.205644607543945,2829542600,0.0,0.0,0.0,41.0016123446798,37.67793391991904,21.842566531642845,-3.1287120701409705,-0.6673415308708311,-4980496500
2009-02-01 00:00:00-05:00,28.780000686645508,31.68000030517578,27.389999389648438,27.530000686645508,23.878578186035156,3324074200,0.0,0.0,0.0,40.473313848286296,37.57695945988647,21.07447691947182,-3.725341351080232,-1.2789414949127114,-8304570700
2009-03-01 00:00:00-05:00,27.1200008392334,31.459999084472656,25.6299991607666,30.31999969482422,26.298519134521484,3805123800,0.049,0.0,0.0,40.07514466579759,37.504750905010226,30.332000299907193,-3.927767888473312,-1.8087067736248317,-4499446900
2009-04-01 00:00:00-04:00,29.940000534057617,34.900001525878906,29.790000915527344,34.279998779296875,29.782455444335938,2991632100,0.0,0.0,0.0,39.84788404279756,37.47266381918224,39.005828564396516,-3.725705927971802,-2.192106604494226,-1507814800
2009-05-01 00:00:00-04:00,34.27000045776367,35.5,32.959999084472656,35.380001068115234,30.738134384155273,2734076200,0.0,0.0,0.0,39.672672945751195,37.45184130424625,39.51207079372962,-3.437187617610782,-2.4411228071175373,1226261400
2009-06-01 00:00:00-04:00,35.7599983215332,37.22999954223633,34.77000045776367,36.380001068115234,31.606935501098633,2511948000,0.044,0.0,0.0,39.54354855839293,37.44117622726982,35.47088946629647,-3.0921981993209755,-2.5713378855582247,3738209400
2009-07-01 00:00:00-04:00,36.560001373291016,40.18000030517578,34.29999923706055,39.45000076293945,34.31630325317383,2575607800,0.0,0.0,0.0,39.53988001739475,37.46116453110733,35.93500482934208,-2.541768358061546,-2.565423980058889,6313817200
2009-08-01 00:00:00-04:00,39.869998931884766,41.08000183105469,38.459999084472656,40.029998779296875,34.820838928222656,2248149500,0.0,0.0,0.0,39.559100360998755,37.48672507089031,42.27764397933965,-2.035286237729359,-2.459396431592983,8561966700
2009-09-01 00:00:00-04:00,39.88999938964844,43.16999816894531,39.02000045776367,42.25,36.7519416809082,2114774900,0.041,0.0,0.0,39.664625837038024,37.53412084132921,45.441636586602804,-1.4381815020542632,-2.255153445685239,10676741600
2009-10-01 00:00:00-04:00,42.099998474121094,43.81999969482422,40.720001220703125,40.959999084472656,35.66428756713867,2291065900,0.0,0.0,0.0,39.71542478791782,37.56820918205701,42.80133876303319,-1.0568809246066806,-2.0154989414695272,8385675700
2009-11-01 00:00:00-04:00,41.0,44.650001525878906,40.63999938964844,43.560001373291016,37.92814254760742,1807922400,0.0,0.0,0.0,39.86619249714814,37.627829004855364,57.444767201469396,-0.5386893388989193,-1.7201370209554057,10193598100
2009-12-01 00:00:00-05:00,43.88999938964844,46.29999923706055,43.31999969482422,45.75,39.834999084472656,1524036700,0.073,0.0,0.0,40.09693004627959,37.70864662669761,73.46715635874585,0.04814087469961237,-1.366481441824402,11717634800
2010-01-01 00:00:00-05:00,46.33000183105469,46.63999938964844,42.630001068115234,42.790000915527344,37.319862365722656,2382152500,0.0,0.0,0.0,40.202540668603035,37.75920736588994,75.70515415273007,0.2712342390174527,-1.038938305656031,9335482300
2010-02-01 00:00:00-05:00,42.900001525878906,45.04999923706055,42.119998931884766,44.7599983215332,39.03801727294922,1932176400,0.0,0.0,0.0,40.38126449812971,37.828866977388884,76.87902704728539,0.6000822891584718,-0.7111341866931306,11267658700
2010-03-01 00:00:00-05:00,44.959999084472656,48.599998474121094,44.95000076293945,48.15999984741211,42.00339126586914,1623606900,0.051,0.0,0.0,40.68631294319961,37.931664319379166,81.14807838344915,1.1221134212290025,-0.344484665108704,12891265600
2010-04-01 00:00:00-04:00,48.36000061035156,50.650001525878906,47.790000915527344,49.2400016784668,42.991146087646484,1701457500,0.0,0.0,0.0,41.02175171713166,38.044185089121335,85.9318111205935,1.604478546311661,0.045307977175368996,14592723100
2010-05-01 00:00:00-04:00,49.45000076293945,50.16999816894531,42.63999938964844,45.599998474121094,39.813087463378906,2952228100,0.0,0.0,0.0,41.201290805641044,38.11936731185765,74.59754704935796,1.6737446588210787,0.370995313504511,11640495000
2010-06-01 00:00:00-04:00,45.43000030517578,47.68000030517578,42.63999938964844,42.709999084472656,37.28986358642578,2058088600,0.178,0.0,0.0,41.26045583618346,38.165045239943375,64.05468282941348,1.4783977055294812,0.5924757919095051,9582406400
2010-07-01 00:00:00-04:00,42.84000015258789,46.720001220703125,41.77000045776367,45.810001373291016,40.15104675292969,1748673600,0.0,0.0,0.0,41.43886938665827,38.24111445520057,66.30196704312002,1.555793891026937,0.7851394117329915,11331080000
2010-08-01 00:00:00-04:00,46.38999938964844,47.189998626708984,42.970001220703125,43.459999084472656,38.091346740722656,1483278100,0.0,0.0,0.0,41.51812937480785,38.29304365549183,60.61787097149927,1.4112375131374222,0.9103590320138777,9847801900
2010-09-01 00:00:00-04:00,44.099998474121094,49.84000015258789,44.06999969482422,49.06999969482422,43.00831985473633,1574743200,0.112,0.0,0.0,41.814281152063394,38.40027704891802,63.40579236335642,1.7294200291421973,1.0741712314395415,11422545100
2010-10-01 00:00:00-04:00,49.47999954223633,52.4900016784668,48.20000076293945,52.18000030517578,45.841224670410156,1538354800,0.0,0.0,0.0,42.220779942381526,38.53738872310964,65.81619103632809,2.207091051576917,1.3007551954670167,12960899900
2010-11-01 00:00:00-04:00,52.369998931884766,54.040000915527344,50.849998474121094,52.09000015258789,45.762168884277344,1564994700,0.0,0.0,0.0,42.60780818591903,38.672240578129326,63.56118712756636,2.549003195995091,1.5504047955726317,11395905200
2010-12-01 00:00:00-05:00,52.86000061035156,54.959999084472656,52.84000015258789,54.459999084472656,47.84428024291992,1006766900,0.108,0.0,0.0,43.07259998586232,38.829332702570554,68.06744783535379,2.9768943556070298,1.8357027075795114,12402672100
2011-01-01 00:00:00-05:00,54.970001220703125,57.349998474121094,54.91999816894531,56.0,49.29473876953125,1265608600,0.0,0.0,0.0,43.57955684916183,39.000185113490254,67.13498109308185,3.4010610710076676,2.148774380265143,13668280700
2011-02-01 00:00:00-05:00,56.41999816894531,59.040000915527344,56.130001068115234,57.77000045776367,50.85280227661133,1101561900,0.0,0.0,0.0,44.13604483381288,39.18694944527407,66.75027528435064,3.835823507670135,2.4861842057461416,14769842600
2011-03-01 00:00:00-05:00,58.02000045776367,58.369998931884766,53.77000045776367,57.43000030517578,50.55350875854492,1729243300,0.077,0.0,0.0,44.657376420925154,39.368472339402445,72.00841114120661,4.105613740658839,2.810070112728681,13040599300
2011-04-01 00:00:00-04:00,57.720001220703125,59.290000915527344,55.31999969482422,59.08000183105469,52.0793342590332,1032891200,0.0,0.0,0.0,45.222969574263566,39.56460696120993,71.73648675331299,4.401824287194074,3.12842094762176,14073490500
2011-05-01 00:00:00-04:00,59.16999816894531,59.34000015258789,56.470001220703125,58.36000061035156,51.44464874267578,1054622500,0.0,0.0,0.0,45.738147261953294,39.75162580348995,66.85392628107147,4.52629884266053,3.407996526629514,13018868000
2011-06-01 00:00:00-04:00,58.220001220703125,58.36000061035156,53.619998931884766,57.04999923706055,50.289859771728516,1155628500,0.121,0.0,0.0,46.18174930019279,39.92374892223195,62.80746834578333,4.467738355282997,3.619944892360211,11863239500
2011-07-01 00:00:00-04:00,57.08000183105469,59.83000183105469,56.869998931884766,58.0,51.241943359375,1277418400,0.0,0.0,0.0,46.645210111949936,40.10361211703562,72.3021524489661,4.446726770987695,3.785301268085708,13140657900
2011-08-01 00:00:00-04:00,58.70000076293945,58.81999969482422,49.93000030517578,55.060001373291016,48.64451599121094,2526145600,0.0,0.0,0.0,46.97520192612017,40.2524319106302,72.17234809805564,4.145059949583107,3.857253004385188,10614512300
2011-09-01 00:00:00-04:00,55.20000076293945,57.349998474121094,51.90999984741211,52.4900016784668,46.37397003173828,1666877800,0.104,0.0,0.0,47.191468583074936,40.37419877399176,62.22547312286785,3.6564599292421676,3.8170943893565843,8947634500
2011-10-01 00:00:00-04:00,52.02000045776367,59.20000076293945,50.099998474121094,57.95000076293945,51.29273986816406,1616785100,0.0,0.0,0.0,47.61337180581472,40.54908237587183,73.80874090812848,3.6675400689985977,3.7871835252849873,10564419600
2011-11-01 00:00:00-04:00,56.52000045776367,58.97999954223633,52.869998931884766,56.38999938964844,49.91193771362305,1295070500,0.0,0.0,0.0,47.95755327969055,40.70670344068554,63.87414393466139,3.5099812077589263,3.731743061779775,9269349100
2011-12-01 00:00:00-05:00,56.380001068115234,57.619998931884766,54.16999816894531,55.83000183105469,49.41628646850586,1004361600,0.21000000000000002,0.0,0.0,48.26627675229307,40.85718402168424,57.6584163772961,3.3018656997459033,3.645767589373001,8264987500
2012-01-01 00:00:00-05:00,56.90999984741211,60.86000061035156,56.560001373291016,60.529998779296875,53.78137969970703,828883900,0.0,0.0,0.0,48.74720702786184,41.0529334222575,64.83825427963046,3.4761126713932455,3.61183660577705,9093871400
2012-02-01 00:00:00-05:00,60.880001068115234,64.95999908447266,60.65999984741211,64.41000366210938,57.22877502441406,1018602500,0.0,0.0,0.0,49.361434346851944,41.28534208136051,66.61102346719883,3.8825331934336873,3.6659759233083777,10112473900
2012-03-01 00:00:00-05:00,64.6500015258789,68.51000213623047,63.22999954223633,67.55000305175781,60.01871109008789,1070054300,0.113,0.0,0.0,50.0747115509659,41.54668199151372,68.30428198819826,4.407192719637521,3.8142192825742063,11182528200
2012-04-01 00:00:00-04:00,67.4800033569336,68.55000305175781,64.44999694824219,66.76000213623047,59.417449951171875,1056184900,0.0,0.0,0.0,50.72903667195666,41.79756079892384,64.70395918611315,4.705006318477231,3.9923766897548116,10126343300
2012-05-01 00:00:00-04:00,66.69000244140625,67.62999725341797,60.7599983215332,62.060001373291016,55.23439407348633,1300328800,0.0,0.0,0.0,51.173388228871744,41.9991771230469,56.627541543118575,4.509788919744203,4.09585913575269,8826014500
2012-06-01 00:00:00-04:00,60.939998626708984,64.56999969482422,60.040000915527344,64.16000366210938,57.103431701660156,973815200,0.143,0.0,0.0,51.6826672654693,42.21968285975399,57.179198883494976,4.472968759505889,4.17128106050333,9799829700
2012-07-01 00:00:00-04:00,64.25,65.30999755859375,61.86000061035156,64.80000305175781,57.80559158325195,860805100,0.0,0.0,0.0,52.19707259042179,42.44436266265949,59.1218157006442,4.444201135023256,4.225865075407316,10660634800
2012-08-01 00:00:00-04:00,65.26000213623047,68.87999725341797,63.90999984741211,68.16000366210938,60.80292510986328,679866200,0.0,0.0,0.0,52.82306988735072,42.70023968752964,64.87282964420979,4.639050467835304,4.308502153892913,11340501000
2012-09-01 00:00:00-04:00,68.02999877929688,70.58000183105469,67.41999816894531,68.56999969482422,61.16867446899414,639521900,0.2,0.0,0.0,53.440596546467326,42.9576502348659,64.3575120835026,4.771549765749789,4.401111676264289,11980022900
2012-10-01 00:00:00-04:00,68.9000015258789,69.80000305175781,64.6500015258789,64.94999694824219,58.104644775390625,863124200,0.0,0.0,0.0,53.891945581831045,43.17647955539701,63.19017755690274,4.532207973610724,4.427330935733576,11116898700
2012-11-01 00:00:00-04:00,65.36000061035156,66.20999908447266,61.310001373291016,65.80000305175781,58.86506271362305,901783900,0.0,0.0,0.0,54.35892822771053,43.40158924192796,68.60497395032661,4.360847136476124,4.414034175882087,12018682600
2012-12-01 00:00:00-05:00,66.30999755859375,66.76000213623047,63.58000183105469,65.12999725341797,58.26567077636719,815856000,0.367,0.0,0.0,54.78132309146376,43.617792306718904,61.588110168108884,4.123446050688557,4.35591655084338,11202826600
2013-01-01 00:00:00-05:00,66.7300033569336,67.79000091552734,66.16999816894531,66.87000274658203,60.155460357666016,741836700,0.0,0.0,0.0,55.25538896029193,43.84915758472749,66.81642649758606,4.0292610678231995,4.290585454239345,11944663300
2013-02-01 00:00:00-05:00,67.33999633789062,68.26000213623047,65.95999908447266,67.0999984741211,60.36237716674805,656562100,0.0,0.0,0.0,55.71988345103033,44.080509235368226,68.27763606199727,3.927899147059165,4.218048192803309,12601225400
2013-03-01 00:00:00-05:00,66.87000274658203,69.05999755859375,66.54000091552734,68.97000122070312,62.04463577270508,557979300,0.159,0.0,0.0,56.23949591258613,44.32816587203823,65.07142061117395,3.9528961616060414,4.165017786563856,13159204700
2013-04-01 00:00:00-04:00,69.0199966430664,70.7300033569336,66.87999725341797,70.72000122070312,63.766151428222656,835537700,0.0,0.0,0.0,56.80735886584562,44.590771198890614,62.19558014471362,4.067034607058936,4.145421150662872,13994742400
2013-05-01 00:00:00-04:00,70.73999786376953,74.94999694824219,70.25,73.25,66.04735565185547,680414200,0.0,0.0,0.0,57.452168322086976,44.875937654623044,61.28264652217944,4.311934606750164,4.1787238418803305,14675156600
2013-06-01 00:00:00-04:00,73.26000213623047,73.81999969482422,69.1500015258789,71.2699966430664,64.26204681396484,748561600,0.224,0.0,0.0,57.99404394251754,45.13856510724437,58.52550307093716,4.296719984225788,4.202323070349422,13926595000
2013-07-01 00:00:00-04:00,71.75,76.20999908447266,71.3499984741211,75.7699966430664,68.53568267822266,581695700,0.0,0.0,0.0,58.691140126852794,45.44335547078489,76.1142577294793,4.594808584991867,4.280820173277911,14508290700
2013-08-01 00:00:00-04:00,76.29000091552734,77.27999877929688,74.95999908447266,75.47000122070312,68.26435089111328,529245500,0.0,0.0,0.0,59.349134679552805,45.74212806531144,73.12881781576628,4.752060035261195,4.375068145674568,13979045200
2013-09-01 00:00:00-04:00,76.08999633789062,79.69000244140625,75.54000091552734,78.87999725341797,71.34876251220703,503988800,0.238,0.0,0.0,60.11505085892007,46.071858106984145,75.86331672263516,5.0931306836914985,4.518680653277954,14483034000
2013-10-01 00:00:00-04:00,78.88999938964844,83.48999786376953,76.3499984741211,82.79000091552734,75.11031341552734,817353700,0.0,0.0,0.0,61.00426458663016,46.43721276179552,76.34135935037258,5.614219025921216,4.737788327806607,15300387700
2013-11-01 00:00:00-04:00,83.06999969482422,85.83999633789062,81.37000274658203,85.7300033569336,77.77757263183594,542339400,0.0,0.0,0.0,61.97390140115186,46.82818580254317,78.31682061415833,6.1930295283966075,5.028836567924607,15842727100
2013-12-01 00:00:00-05:00,85.83000183105469,87.95999908447266,84.05000305175781,87.95999908447266,79.80072021484375,651649200,0.272,0.0,0.0,62.99296405539974,47.23745757649272,89.79590651870943,6.7538291022947305,5.373835074798632,16494376300
2014-01-01 00:00:00-05:00,87.55000305175781,89.0,84.76000213623047,86.2699966430664,78.51611328125,831732700,0.0,0.0,0.0,63.905788862759216,47.625841049791966,84.40334175088276,6.9814202648400965,5.695352112806924,15662643600
2014-02-01 00:00:00-05:00,86.11000061035156,90.95999908447266,83.73999786376953,90.33999633789062,82.22028350830078,713558700,0.373,0.0,0.0,64.94242445001927,48.050857520320314,88.0241295988964,7.404844424656886,6.037250575176918,16376202300
2014-03-01 00:00:00-05:00,89.48999786376953,91.36000061035156,86.4000015258789,87.66999816894531,80.12149047851562,809345400,0.206,0.0,0.0,65.83370185076147,48.44507782528176,80.51643040090372,7.439210001638443,6.317642460469223,15566856900
2014-04-01 00:00:00-04:00,88.0999984741211,89.68000030517578,83.27999877929688,87.38999938964844,80.04823303222656,1141398200,0.0,0.0,0.0,66.67904685228645,48.832589482638646,79.72458621205337,7.359021192074508,6.525918206790281,14425458700
2014-05-01 00:00:00-04:00,87.52999877929688,91.44999694824219,85.52999877929688,91.30999755859375,83.63892364501953,789193700,0.0,0.0,0.0,67.64496648782792,49.25525025951382,80.87341191316068,7.5250381189465685,6.725742189221538,15214652400
2014-06-01 00:00:00-04:00,91.41999816894531,94.13999938964844,90.63999938964844,93.91000366210938,86.0205078125,567012900,0.249,0.0,0.0,68.67496794564288,49.69957616401726,81.31245369412699,7.776760834936496,6.9359459183645304,15781665300
2014-07-01 00:00:00-04:00,94.23999786376953,97.51000213623047,93.62999725341797,95.0199966430664,87.2711181640625,661530400,0.0,0.0,0.0,69.708106325934,50.15052562152024,80.56725770025879,7.973901880589736,7.143537110809572,16443195700
2014-08-01 00:00:00-04:00,94.81999969482422,99.91000366210938,93.88999938964844,99.77999877929688,91.64295196533203,645904700,0.0,0.0,0.0,70.88739622606589,50.64435122508021,87.1320763941236,8.417201709212904,7.398270030490239,17089100400
2014-09-01 00:00:00-04:00,100.0199966430664,100.55999755859375,97.69999694824219,98.79000091552734,90.73367309570312,755958700,0.238,0.0,0.0,71.98161601780947,51.123412416029936,82.99886915190767,8.589619674594587,7.636539959311109,16333141700
2014-10-01 00:00:00-04:00,98.51000213623047,101.75,90.23999786376953,101.4000015258789,93.35238647460938,1285037500,0.0,0.0,0.0,73.13527819459651,51.623676984287144,84.86152718795331,8.835022748302379,7.876236517109364,17618179200
2014-11-01 00:00:00-04:00,101.58000183105469,106.25,100.66999816894531,106.01000213623047,97.59651947021484,434990100,0.0,0.0,0.0,74.42448305505275,52.164834448485585,85.33472950526784,9.294355430257554,8.159860299739002,18053169300
2014-12-01 00:00:00-05:00,105.72000122070312,105.91999816894531,99.91999816894531,103.25,95.0555648803711,815702200,0.387,0.0,0.0,75.55489548426637,52.67314455347579,77.47046221554433,9.328141772144136,8.39351659422003,17237467100
2015-01-01 00:00:00-05:00,103.76000213623047,104.58000183105469,99.36000061035156,101.0999984741211,93.42298889160156,826291600,0.0,0.0,0.0,76.55666422896655,53.155003796467284,71.08367133612164,9.076798849653045,8.530173045306633,16411175500
2015-02-01 00:00:00-05:00,101.33000183105469,108.94000244140625,99.75,108.4000015258789,100.16869354248047,472456500,0.0,0.0,0.0,77.80542255433566,53.70470526641168,74.61464395243756,9.358774879184551,8.695893412082217,16883632000
2015-03-01 00:00:00-05:00,108.61000061035156,109.41999816894531,104.23999786376953,105.5999984741211,97.581298828125,633635600,0.248,0.0,0.0,78.89540592373902,54.2210763431053,72.6718269024268,9.249681497860351,8.806651029237845,16249996400
2015-04-01 00:00:00-04:00,105.5999984741211,111.16000366210938,104.33999633789062,107.62999725341797,99.6858901977539,568699300,0.0,0.0,0.0,80.02225264254996,54.752508391964135,71.29834839319403,9.220737224255558,8.889468268241387,16818695700
2015-05-01 00:00:00-04:00,108.05000305175781,111.08000183105469,106.0,110.05000305175781,101.92728424072266,518233500,0.0,0.0,0.0,81.19981148212675,55.302732219424776,77.73921473618833,9.286029355922722,8.968780485777653,17336929200
2015-06-01 00:00:00-04:00,110.63999938964844,111.12999725341797,106.63999938964844,107.06999969482422,99.16725158691406,577030600,0.254,0.0,0.0,82.21432866693841,55.81782940823472,72.86244529447875,8.99363939806129,8.973752268234382,16759898600
2015-07-01 00:00:00-04:00,108.12999725341797,114.38999938964844,105.83000183105469,111.94999694824219,103.92549896240234,644885700,0.0,0.0,0.0,83.38043330542091,56.37635843848356,73.45453662714988,9.05135485986061,8.989272786559628,17404784300
2015-08-01 00:00:00-04:00,111.97000122070312,113.0,84.73999786376953,104.30999755859375,96.83313751220703,1010304800,0.0,0.0,0.0,84.20120053103552,56.85331007151948,60.603580836408014,8.383965542610525,8.868211337769807,16394479500
2015-09-01 00:00:00-04:00,101.70999908447266,108.7300033569336,98.75,101.76000213623047,94.4659194946289,881201500,0.26,0.0,0.0,84.88978098614122,57.30014282838228,56.675915239984306,7.5621199692760825,8.606993064071062,15513278000
2015-10-01 00:00:00-04:00,101.94000244140625,114.08000183105469,100.4800033569336,113.33000183105469,105.46253967285156,740627200,0.0,0.0,0.0,86.00508376437313,57.857653863234745,61.82579946827296,7.755008798082358,8.436596210873322,16253905200
2015-11-01 00:00:00-04:00,113.62999725341797,115.47000122070312,109.4800033569336,114.0199966430664,106.1046371459961,543413300,0.0,0.0,0.0,87.10370779883168,58.416483144626106,63.36198829579504,7.872798676902079,8.323836704079074,16797318500
2015-12-01 00:00:00-05:00,114.4800033569336,115.75,109.37999725341797,111.86000061035156,104.09458923339844,757497500,0.342,0.0,0.0,88.07454281104815,58.94825943781741,59.250087473557215,7.703058315226301,8.19968102630852,16039821000
2016-01-01 00:00:00-05:00,109.44999694824219,110.18000030517578,97.25,104.12999725341797,97.19717407226562,1077308200,0.0,0.0,0.0,88.70416847545481,59.3978289683209,48.42440096596364,6.865648267602694,7.932874474567355,14962512800
2016-02-01 00:00:00-05:00,103.62999725341797,104.80000305175781,94.83999633789062,102.5,95.67569732666016,942259600,0.0,0.0,0.0,89.24518147641736,59.8267062920192,49.359302908216286,6.0012884976237615,7.546557279178637,14020253200
2016-03-01 00:00:00-05:00,103.4800033569336,110.04000091552734,103.16000366210938,109.19999694824219,101.92961120605469,601605100,0.318,0.0,0.0,90.02772325962619,60.31798281596172,56.42041789685827,5.790165488552759,7.195278921053462,14621858300
2016-04-01 00:00:00-04:00,108.54000091552734,111.44000244140625,104.87999725341797,105.72000122070312,98.97402954101562,559253800,0.0,0.0,0.0,90.64310670908019,60.76974419312333,47.7387775070568,5.2811644349350075,6.812456023829772,14062604500
2016-05-01 00:00:00-04:00,105.98999786376953,110.51000213623047,104.4000015258789,110.33999633789062,103.29922485351562,536482700,0.0,0.0,0.0,91.41553375334726,61.26298053287226,53.880156759879455,5.190736844612005,6.48811218798622,14599087200
2016-06-01 00:00:00-04:00,110.0,110.75,101.75,107.54000091552734,100.67792510986328,577926300,0.287,0.0,0.0,92.04786579892296,61.723448397376295,49.927246262397006,4.837373863006746,6.1579645229903255,14021160900
2016-07-01 00:00:00-04:00,107.48999786376953,115.54000091552734,106.56999969482422,115.2300033569336,108.1645278930664,421072600,0.0,0.0,0.0,92.95696923257043,62.255851929312186,53.8587622529866,5.118843244676,5.950140267327461,14442233500
2016-08-01 00:00:00-04:00,115.30999755859375,118.01000213623047,114.22000122070312,116.44000244140625,109.30033874511719,369269900,0.0,0.0,0.0,93.87787249566203,62.79499770555193,57.16909513468544,5.377557436543725,5.8356237011707135,14811503400
2016-09-01 00:00:00-04:00,116.4800033569336,119.22000122070312,113.62999725341797,118.72000122070312,111.4405517578125,540756600,0.294,0.0,0.0,94.85207362213424,63.35146540222011,55.394428338612514,5.700851279386356,5.808669216813842,15352260000
2016-10-01 00:00:00-04:00,118.56999969482422,119.66000366210938,115.94000244140625,116.98999786376953,110.09175872802734,406941800,0.0,0.0,0.0,95.72022751396307,63.88518214313105,61.15412229774813,5.751171244258259,5.797169622302725,14945318200
2016-11-01 00:00:00-04:00,117.19000244140625,119.51000213623047,113.44999694824219,117.5,110.57169342041016,598118800,0.0,0.0,0.0,96.5743362389057,64.41866291782627,64.36131711798683,5.7657392362160635,5.790883545085394,15543437000
2016-12-01 00:00:00-05:00,117.45999908447266,121.5199966430664,115.22000122070312,118.4800033569336,111.49390411376953,498414300,0.355,0.0,0.0,97.43338200824013,64.95658670329003,55.82447795749593,5.789623381052749,5.790631512278865,16041851300
2017-01-01 00:00:00-05:00,119.2699966430664,125.91999816894531,118.88999938964844,124.56999969482422,117.57147216796875,366254600,0.0,0.0,0.0,98.49756309398853,65.54975499176301,60.63294312323913,6.228169089790114,5.878139027781115,16408105900
2017-02-01 00:00:00-05:00,125.44999694824219,130.6999969482422,124.86000061035156,130.02000427246094,122.71530151367188,307437600,0.0,0.0,0.0,99.73373725785021,66.1912500094814,67.16446668939622,6.935540946534957,6.089619411531883,16715543500
2017-03-01 00:00:00-05:00,130.85000610351562,132.74000549316406,129.39999389648438,132.3800048828125,124.94269561767578,442963500,0.274,0.0,0.0,101.01398304706441,66.84984458533543,79.71808635551636,7.598974319493763,6.3914903931242595,17158507000
2017-04-01 00:00:00-04:00,132.49000549316406,136.33999633789062,130.3800048828125,135.99000549316406,128.6168670654297,388248100,0.0,0.0,0.0,102.38559177044087,67.53780638541333,83.82145951211935,8.32013755987991,6.77721982647539,17546755100
2017-05-01 00:00:00-04:00,136.44000244140625,141.83999633789062,135.8699951171875,141.2899932861328,133.62945556640625,532489700,0.0,0.0,0.0,103.91125457497782,68.27165899139064,83.35066109810032,9.213126161218355,7.2644010934239835,18079244800
2017-06-01 00:00:00-04:00,141.5800018310547,143.89999389648438,136.25,137.63999938964844,130.17735290527344,1046003200,0.378,0.0,0.0,105.23395045006295,68.96189123415937,83.0571759157568,9.516600610282865,7.71484099679576,17033241600
2017-07-01 00:00:00-04:00,138.27000427246094,145.9600067138672,135.8000030517578,143.22999572753906,135.8333282470703,705002300,0.0,0.0,0.0,106.72399144133652,69.70087734852136,83.3908726697808,10.091839836814316,8.190240764799473,17738243900
2017-08-01 00:00:00-04:00,143.72000122070312,146.2100067138672,140.17999267578125,146.1999969482422,138.64996337890625,810771900,0.0,0.0,0.0,108.27207008866615,70.46206261817034,89.11372261572498,10.66444229302111,8.6850810704438,18549015800
2017-09-01 00:00:00-04:00,146.38999938964844,146.58999633789062,142.10000610351562,145.4499969482422,137.938720703125,631562000,0.319,0.0,0.0,109.73002800472797,71.20821121846957,85.5696822719079,10.931701285285442,9.134405113412129,17917453800
2017-10-01 00:00:00-04:00,145.6699981689453,152.3699951171875,144.92999267578125,152.14999389648438,144.60848999023438,549094600,0.0,0.0,0.0,111.3935560789145,72.01360209088763,87.22118189009915,11.550987132243634,9.617721517178431,18466548400
2017-11-01 00:00:00-04:00,152.75999450683594,156.69000244140625,150.77000427246094,155.14999389648438,147.45985412597656,584198400,0.0,0.0,0.0,113.10949481685842,72.8408298700478,87.41014814724281,12.143863654706692,10.122949944684084,19050746800
2017-12-01 00:00:00-05:00,154.1999969482422,158.77000427246094,152.05999755859375,155.75999450683594,148.03955078125,622383900,0.329,0.0,0.0,114.78206343215166,73.66589618484171,90.75048279151571,12.518637461397162,10.602087448026701,19673130700
2018-01-01 00:00:00-05:00,156.55999755859375,170.9499969482422,156.1699981689453,169.39999389648438,161.3402099609375,698394900,0.0,0.0,0.0,116.92394305820392,74.61847427152472,92.75124345342448,13.75769224744974,11.23320840791131,20371525600
2018-02-01 00:00:00-05:00,168.10000610351562,170.72999572753906,150.1300048828125,167.2100067138672,159.25442504882812,1179841200,0.0,0.0,0.0,118.89594555450445,75.53978305204554,89.35554070452463,14.39697901685534,11.865962529700116,19191684400
2018-03-01 00:00:00-05:00,167.3000030517578,175.2100067138672,156.0399932861328,160.1300048828125,152.5112762451172,1085306700,0.277,0.0,0.0,120.51296748894791,76.3814768016054,78.26710777282831,14.168990111583526,12.326568046076797,18106377700
2018-04-01 00:00:00-04:00,158.99000549316406,167.0,153.8800048828125,160.94000244140625,153.53140258789062,987380500,0.0,0.0,0.0,122.09834140865215,77.22285516618054,76.53623178916354,13.893511542479644,12.639956745357367,19093758200
2018-05-01 00:00:00-04:00,160.52000427246094,171.1999969482422,159.22000122070312,170.07000732421875,162.24110412597656,687987000,0.0,0.0,0.0,123.97958320926261,78.14670742645953,78.97894882073413,14.247669616682686,12.961499319622432,19781745200
2018-06-01 00:00:00-04:00,170.9199981689453,177.97999572753906,169.1699981689453,171.64999389648438,163.7483673095703,784338500,0.378,0.0,0.0,125.84901107934975,79.07708838636027,78.30159866206965,14.488816100906462,13.266962675879238,20566083700
2018-07-01 00:00:00-04:00,170.0399932861328,182.92999267578125,169.6699981689453,176.4499969482422,168.68771362304688,708010500,0.0,0.0,0.0,127.83336346636514,80.04597304866756,78.12801666407063,14.895540044516537,13.592678149606698,21274094200
2018-08-01 00:00:00-04:00,176.86000061035156,187.52000427246094,175.7899932861328,186.64999389648438,178.43896484375,667523000,0.0,0.0,0.0,130.1398979930365,81.10670957451649,85.48878638769627,15.858123631027837,14.045767245890927,21941617200
2018-09-01 00:00:00-04:00,186.0800018310547,186.49000549316406,180.44000244140625,185.7899932861328,177.61680603027344,645534400,0.33,0.0,0.0,132.32225467119716,82.14833428806492,83.08458714664812,16.362961165719184,14.509206029856578,21296082800
2018-10-01 00:00:00-04:00,186.8699951171875,187.52999877929688,160.08999633789062,169.82000732421875,162.6415252685547,1817070600,0.0,0.0,0.0,133.79275477523723,83.02068924364855,65.27419951014764,15.298057662709653,14.666976356427194,19479012200
2018-11-01 00:00:00-04:00,170.07000732421875,175.5800018310547,157.1300048828125,169.3699951171875,162.21051025390625,1152121500,0.0,0.0,0.0,135.18794067099998,83.8798863170171,65.52843827568097,14.253496307224367,14.58428034658663,18326890700
2018-12-01 00:00:00-05:00,173.11000061035156,173.30999755859375,143.4600067138672,154.25999450683594,147.73928833007812,1395544900,0.421,0.0,0.0,135.9358643508367,84.5801859009954,51.2349298654572,12.067318600451728,14.08088799735965,16931345800
2019-01-01 00:00:00-05:00,150.99000549316406,168.99000549316406,149.49000549316406,168.16000366210938,161.51251220703125,933706500,0.0,0.0,0.0,137.19955608853368,85.41182587871793,56.752834827743406,11.325814647697797,13.52987332742728,17865052300
2019-02-01 00:00:00-05:00,167.3300018310547,174.66000366210938,166.57000732421875,173.19000244140625,166.34364318847656,535964100,0.0,0.0,0.0,138.6109461415875,86.285240570884,58.650129317310316,11.017048608444782,13.027308383630782,18401016400
2019-03-01 00:00:00-05:00,174.44000244140625,182.8300018310547,169.33999633789062,179.66000366210938,172.55787658691406,781972700,0.324,0.0,0.0,140.2207131031766,87.2143426911947,55.48194658999115,11.165712935941457,12.654989294092918,19182989100
2019-04-01 00:00:00-04:00,181.50999450683594,191.32000732421875,180.77000427246094,189.5399932861328,182.37857055664062,550157700,0.0,0.0,0.0,142.15480252211606,88.23250836875627,61.02497728584279,11.943090564974142,12.512609548269163,19733146800
2019-05-01 00:00:00-04:00,190.77999877929688,191.32000732421875,173.8699951171875,173.9499969482422,167.37765502929688,901554000,0.0,0.0,0.0,143.40167289176807,89.08541870288052,56.29440432683614,11.17239708424242,12.244567055463815,18831592800
2019-06-01 00:00:00-04:00,173.47999572753906,189.77000427246094,169.27000427246094,186.74000549316406,179.6844024658203,688730400,0.416,0.0,0.0,145.10121534672476,90.05710613362962,60.594614083326576,11.461542223044745,12.087962088980001,19520323200
2019-07-01 00:00:00-04:00,190.32000732421875,195.5500030517578,188.3800048828125,191.10000610351562,184.28619384765625,494025500,0.0,0.0,0.0,146.9050894940499,91.06250812337973,58.98794791638407,11.905270887911684,12.051423848766339,20014348700
2019-08-01 00:00:00-04:00,191.42999267578125,194.97999572753906,179.1999969482422,187.47000122070312,180.78564453125,814286500,0.0,0.0,0.0,148.4958703460755,92.02178666166155,56.644827868207344,11.82767590947293,12.006674260907658,19200062200
2019-09-01 00:00:00-04:00,186.22000122070312,194.7100067138672,185.02999877929688,188.80999755859375,182.0778350830078,550650200,0.384,0.0,0.0,150.07681651127228,92.98485343675542,55.34694601771091,11.7389880882547,11.953137026377068,19750712400
2019-10-01 00:00:00-04:00,189.5,197.8300018310547,181.82000732421875,197.0800018310547,190.43626403808594,576983400,0.0,0.0,0.0,151.92007868067552,94.02062605759421,54.588652483221715,12.195441126547792,12.001597846411212,20327695800
2019-11-01 00:00:00-04:00,197.92999267578125,206.0500030517578,197.6300048828125,205.10000610351562,198.18588256835938,351429700,0.0,0.0,0.0,154.0055660305908,95.1258935207377,57.99189254560048,13.053854062882039,12.212049089705378,20679125500
2019-12-01 00:00:00-05:00,205.11000061035156,214.55999755859375,199.22999572753906,212.61000061035156,205.4427032470703,429951100,0.458,0.0,0.0,156.30377915136575,96.29488961118163,69.04316206053235,14.176725821946974,12.604984436153698,21109076600
2020-01-01 00:00:00-05:00,214.39999389648438,225.8800048828125,212.24000549316406,219.07000732421875,212.1438751220703,585493000,0.0,0.0,0.0,158.76519986402664,97.51653257350041,70.99527101364188,15.41023869500495,13.166035287923949,21694569600
2020-02-01 00:00:00-05:00,220.13999938964844,237.47000122070312,198.1699981689453,205.8000030517578,199.29339599609375,952392300,0.0,0.0,0.0,160.60970194982002,98.59398004094577,72.11637483080715,15.142475064469409,13.56132324323304,20742177300
2020-03-01 00:00:00-05:00,208.8800048828125,219.61000061035156,164.92999267578125,190.39999389648438,184.38035583496094,2191775700,0.363,0.0,0.0,161.77794869282647,99.50747271612526,59.42212614550795,13.531634167025487,13.555385427991531,18550401600
2020-04-01 00:00:00-04:00,184.77000427246094,220.0399932861328,180.86000061035156,218.91000366210938,212.44068908691406,1092071200,0.0,0.0,0.0,164.0184214367199,100.69555760115995,66.15547397886372,14.389675448997906,13.722243432192808,19642472800
2020-05-01 00:00:00-04:00,214.5,233.60000610351562,211.1199951171875,233.36000061035156,226.4636993408203,846592000,0.0,0.0,0.0,166.73769905137212,102.01560181020665,67.96226502535697,16.050651418505623,14.187925029455371,20489064800
2020-06-01 00:00:00-04:00,232.4600067138672,251.14999389648438,231.47000122070312,247.60000610351562,240.28285217285156,928360400,0.424,0.0,0.0,169.90876991616207,103.46420284795101,68.87025381020806,18.305027315226965,15.011345486609692,21417425200
2020-07-01 00:00:00-04:00,247.63999938964844,269.7900085449219,247.0800018310547,265.7900085449219,258.38385009765625,924935100,0.0,0.0,0.0,173.66881848983894,105.07938499418952,79.35310128159549,21.31372626308118,16.27182164190399,22342360300
2020-08-01 00:00:00-04:00,268.0,296.75,264.6300048828125,294.8800048828125,286.6633605957031,701414600,0.0,0.0,0.0,178.42219834838693,106.96794837616588,81.30137109121696,25.748647069544234,18.16718672743204,23043774900
2020-09-01 00:00:00-04:00,297.6199951171875,303.5,260.1099853515625,277.8399963378906,270.0980529785156,1325374300,0.0,0.0,0.0,182.3209355244459,108.66816775886961,73.39013312389193,27.570551326642118,20.047859647274056,21718400600
2020-10-01 00:00:00-04:00,281.7900085449219,297.4599914550781,267.07000732421875,269.3800048828125,261.8738098144531,936826500,0.0,0.0,0.0,185.73501667575442,110.26729051632178,71.52693574851787,28.00890376155138,21.64006847012952,20781574100
2020-11-01 00:00:00-04:00,271.8500061035156,300.1700134277344,266.9700012207031,299.6199951171875,291.2712097167969,751645800,0.0,0.0,0.0,190.20109426169296,112.15139702976323,75.28176710334951,30.445459405757475,23.401146657255115,21533219900
2020-12-01 00:00:00-05:00,301.9700012207031,314.69000244140625,298.0899963378906,313.739990234375,304.9977722167969,569870600,0.561,0.0,0.0,195.04575684885697,114.15725367856534,75.9244401092909,33.13386632260901,25.347690590325893,22103090500
2021-01-01 00:00:00-05:00,315.1099853515625,330.32000732421875,305.17999267578125,314.55999755859375,306.34912109375,655263000,0.0,0.0,0.0,199.73258981786626,116.15131083160044,75.12855423616315,34.927987809565906,27.263750034173896,22758353500
2021-02-01 00:00:00-05:00,318.1099853515625,338.19000244140625,310.8800048828125,314.1400146484375,305.94012451171875,795468600,0.0,0.0,0.0,204.2191554974965,118.12134768549933,74.09235698425044,35.90209588988071,28.99141920531526,21962884900
2021-03-01 00:00:00-05:00,319.2699890136719,324.3299865722656,297.45001220703125,319.1300048828125,310.79986572265625,1621173600,0.395,0.0,0.0,208.7254633165285,120.12143382676614,73.91034272332789,36.65420718643216,30.523976801538645,23584058500
2021-04-01 00:00:00-04:00,323.07000732421875,342.79998779296875,322.80999755859375,337.989990234375,329.58331298828125,771139800,0.0,0.0,0.0,213.7946604505617,122.28928015918017,80.76618834290295,38.330256666915574,32.085232774614035,24355198300
2021-05-01 00:00:00-04:00,339.2300109863281,340.0,316.0,333.92999267578125,325.624267578125,965410800,0.0,0.0,0.0,218.50584994958993,124.39515789566377,85.26709597344555,38.88271435587467,33.44472909086616,23389787500
2021-06-01 00:00:00-04:00,335.29998779296875,355.2300109863281,328.2799987792969,354.42999267578125,345.61431884765625,751288500,0.397,0.0,0.0,223.83620848787194,126.68406172432167,84.66339873923715,40.50777135598929,34.85733754389079,24141076000
2021-07-01 00:00:00-04:00,354.07000732421875,368.8900146484375,352.0400085449219,364.57000732421875,355.9145812988281,813285700,0.0,0.0,0.0,229.3551809912581,129.051086058649,84.31763062102732,42.1282271957723,36.3115154742671,24954361700
2021-08-01 00:00:00-04:00,366.2799987792969,380.760009765625,359.9599914550781,379.95001220703125,370.9294128417969,683466500,0.0,0.0,0.0,235.2608606467786,131.5475927864936,84.41059455729827,44.14461632362412,37.8781356441385,25637828200
2021-09-01 00:00:00-04:00,381.0400085449219,382.7799987792969,357.1000061035156,357.9599914550781,349.4614562988281,931849900,0.414,0.0,0.0,240.07259126671192,133.80045247473822,73.49956396787368,43.467146135048836,38.99593774232057,24705978300
2021-10-01 00:00:00-04:00,358.6000061035156,386.2799987792969,350.32000732421875,386.1099853515625,377.36114501953125,878747900,0.0,0.0,0.0,245.79954789749038,136.31099509042804,73.37192920459148,44.686596114260055,40.13406941670847,25584726200
2021-11-01 00:00:00-04:00,386.55999755859375,408.7099914550781,384.4200134277344,393.82000732421875,384.8963623046875,922244500,0.0,0.0,0.0,251.6042717965778,138.8732738191225,81.2042653012798,45.74780117141228,41.25681576764923,26506970700
2021-12-01 00:00:00-05:00,398.2799987792969,404.5799865722656,377.4700012207031,397.8500061035156,388.83514404296875,1232817200,0.491,0.0,0.0,257.33939863214397,141.4501567274249,85.40874224885326,46.37936855560463,42.281326325240315,27739787900
2022-01-01 00:00:00-05:00,399.04998779296875,402.2799987792969,334.1499938964844,363.04998779296875,355.2768859863281,1847203000,0.0,0.0,0.0,261.4849119325685,143.65513017086317,67.05382100623808,43.5695766574143,42.538976391675114,25892584900
2022-02-01 00:00:00-05:00,364.42999267578125,370.1000061035156,318.260009765625,346.79998779296875,339.374755859375,1522923600,0.0,0.0,0.0,264.830601181996,145.6764720377498,58.7878764280066,39.57535706017211,41.94625252537451,24369661300
2022-03-01 00:00:00-05:00,345.75,371.8299865722656,317.45001220703125,362.5400085449219,354.77777099609375,1686792800,0.434,0.0,0.0,268.6623426472088,147.83431817214952,61.81656958876439,37.25059570282849,41.00712116086531,26056454100
2022-04-01 00:00:00-04:00,362.80999755859375,369.30999755859375,312.6000061035156,313.25,306.92205810546875,1501959100,0.0,0.0,0.0,270.4108782296712,149.4802453545162,49.82333272836929,31.072726770239797,39.02024228274021,24554495000
2022-05-01 00:00:00-04:00,312.8299865722656,330.2900085449219,280.2099914550781,308.2799987792969,302.05242919921875,1951162500,0.0,0.0,0.0,271.8959417806369,151.06034240351897,47.846110618579594,25.48194358584516,36.3125825433612,22603332500
2022-06-01 00:00:00-04:00,310.4700012207031,314.55999755859375,269.2799987792969,280.2799987792969,274.6180725097656,1359608000,0.527,0.0,0.0,272.224728329604,152.3461101286511,38.94487394097287,18.577689597093297,32.765603954107625,21243724500
2022-07-01 00:00:00-04:00,278.95001220703125,316.3900146484375,276.75,315.4599914550781,309.6815185546875,1178025500,0.0,0.0,0.0,273.92022884432845,153.9691338234414,46.838737013736925,15.763043413693708,29.365091846024843,22421750000
2022-08-01 00:00:00-04:00,313.6499938964844,334.4200134277344,298.44000244140625,299.2699890136719,293.7880554199219,1069920100,0.0,0.0,0.0,274.9143370862635,155.41491347707557,40.4176247806636,12.086690301303179,25.909411537080512,21351829900
2022-09-01 00:00:00-04:00,296.7200012207031,311.0799865722656,267.1000061035156,267.260009765625,262.364501953125,1370988700,0.519,0.0,0.0,274.6141673874149,156.52780000730988,34.28913145191076,6.515113987747839,22.03055202721398,19980841200
2022-10-01 00:00:00-04:00,269.07000732421875,284.6000061035156,254.25999450683594,277.95001220703125,273.3490295410156,1356809000,0.0,0.0,0.0,274.74498483132146,157.7359812232275,33.2786918707792,2.928436284558927,18.21012887868297,21337650200
2022-11-01 00:00:00-04:00,281.5,293.4700012207031,259.0799865722656,293.3599853515625,288.5038757324219,1195762800,0.0,0.0,0.0,275.4749848517231,159.08547380161892,39.1763281286831,1.3142742746777003,14.830957957881916,22533413000
2022-12-01 00:00:00-05:00,293.69000244140625,296.8800048828125,259.7300109863281,266.2799987792969,261.8721923828125,1057037700,0.655,0.0,0.0,275.1143971626084,160.15208599045152,29.850347383119015,-2.1255869043521898,11.439648985435095,21476375300
2023-01-01 00:00:00-05:00,268.6499938964844,298.260009765625,260.3399963378906,294.6199951171875,290.43670654296875,961927300,0.0,0.0,0.0,275.8793225725919,161.4900751359912,34.401531810147986,-2.5356711754487264,8.644584953258331,22438302600
2023-02-01 00:00:00-05:00,294.4100036621094,313.67999267578125,290.04998779296875,293.55999755859375,289.39178466796875,1094424800,0.0,0.0,0.0,276.5726823759645,162.80420371731063,33.446554805363604,-2.9126239432275156,6.3331431739611626,21343877800
2023-03-01 00:00:00-05:00,293.260009765625,321.1700134277344,285.19000244140625,320.92999267578125,316.37310791015625,1544782600,0.472,0.0,0.0,278.3121847406632,164.3775946522208,43.15300066079426,-0.9914035787974171,4.868233823409447,22888660400
2023-04-01 00:00:00-04:00,318.7699890136719,322.6499938964844,309.8900146484375,322.55999755859375,318.4722595214844,993494600,0.0,0.0,0.0,280.04739308646447,165.95154890999567,45.862917554193295,0.6551529774766891,4.025617654222896,23882155000
2023-05-01 00:00:00-04:00,322.0899963378906,353.92999267578125,315.1199951171875,347.989990234375,343.5799560546875,1149079300,0.0,0.0,0.0,282.71180866089236,167.7628766843676,47.59622971447782,3.9663274389791923,4.013759611174155,25031234300
2023-06-01 00:00:00-04:00,347.7300109863281,372.8500061035156,346.6600036621094,369.4200134277344,364.7384338378906,1137710300,0.504,0.0,0.0,286.1121304164548,169.76941535843096,60.22053643824401,8.224869651433096,4.855981619225943,26168944600
2023-07-01 00:00:00-04:00,370.07000732421875,387.9800109863281,363.4100036621094,383.67999267578125,379.3373107910156,974997400,0.0,0.0,0.0,289.93832109329117,171.897878814325,63.27091200723277,12.605151841645068,6.4058156637097685,27143942000
2023-08-01 00:00:00-04:00,382.30999755859375,383.55999755859375,354.7099914550781,377.989990234375,373.7117614746094,1202220400,0.0,0.0,0.0,293.3913277262749,173.94854658964888,68.66333390730381,15.439445079771417,8.212541546922099,25941721600
2023-09-01 00:00:00-04:00,380.3999938964844,380.8299865722656,351.3599853515625,358.2699890136719,354.2149353027344,959714600,0.536,0.0,0.0,295.9355889532317,175.782590792873,58.69027010498218,15.910991592551966,9.752231556048072,24982007000
2023-10-01 00:00:00-04:00,358.5400085449219,373.739990234375,342.3500061035156,350.8699951171875,347.40081787109375,1238424400,0.0,0.0,0.0,298.08987939103383,177.52475401998063,60.86224775804559,15.508802121164138,10.903545669071285,23743582600
2023-11-01 00:00:00-04:00,351.7200012207031,394.1400146484375,351.6199951171875,388.8299865722656,384.98553466796875,971319100,0.0,0.0,0.0,301.6483149667684,179.62729364736657,74.96611629221925,18.04510539075352,12.331857613407733,24714901700
2023-12-01 00:00:00-05:00,387.75,412.9200134277344,382.6600036621094,409.5199890136719,405.470947265625,867235900,1.024,0.0,0.0,305.87857669409794,181.91478315349897,75.95376333586694,21.47707988059244,14.160902066844674,25582137600
2024-01-01 00:00:00-05:00,405.8399963378906,429.8500061035156,395.3399963378906,416.9700012207031,413.8895263671875,972918400,0.0,0.0,0.0,310.2351031461217,184.25364104471495,75.17413268652786,24.515498703897833,16.231821394255306,26555056000
2024-02-01 00:00:00-05:00,418.7900085449219,440.5899963378906,417.80999755859375,439.0,435.75677490234375,866229300,0.0,0.0,0.0,315.284706944313,186.78843068606108,85.91449874374841,28.374026189406948,18.660262353285635,27421285300
2024-03-01 00:00:00-05:00,439.8999938964844,449.3399963378906,432.739990234375,444.010009765625,440.7297668457031,904777500,0.573,0.0,0.0,320.3327580353448,189.34784938337017,84.40105266176016,31.473397207056166,21.22288932403974,28326062800
2024-04-01 00:00:00-04:00,444.9700012207031,447.5299987792969,413.07000732421875,424.5899963378906,422.010498046875,1066402100,0.0,0.0,0.0,324.42127718446426,191.68856726351467,77.82071154456979,31.993833289816166,23.377078117195026,27259660700
2024-05-01 00:00:00-04:00,423.1499938964844,460.5799865722656,420.6300048828125,450.7099914550781,447.9718017578125,730587500,0.0,0.0,0.0,329.3737757833119,194.26589486741082,77.70235384258407,34.12062660286739,25.5257878143295,27990248200
2024-06-01 00:00:00-04:00,454.57000732421875,487.20001220703125,447.8999938964844,479.1099853515625,476.1992492675781,550602800,0.762,0.0,0.0,335.2457840016747,197.10016442446707,79.98926898120564,37.66360518913291,27.953351289290186,28540851000
2024-07-01 00:00:00-04:00,480.0400085449219,503.5199890136719,454.1499938964844,471.07000732421875,468.9523010253906,801528400,0.0,0.0,0.0,340.57222413197053,199.8262325130218,75.26065584859714,39.36886247033192,30.236453525498533,27739322600
2024-08-01 00:00:00-04:00,471.760009765625,485.5400085449219,423.45001220703125,476.2699890136719,474.12890625,908585600,0.0,0.0,0.0,345.8937051077235,202.5769166573069,73.49487606819598,40.67105560353161,32.32337394110515,28647908200
2024-09-01 00:00:00-04:00,470.6600036621094,493.70001220703125,448.19000244140625,488.07000732421875,485.8758544921875,694796200,0.677,0.0,0.0,351.4692463711155,205.41764392762445,73.20500112203965,42.16911657763728,34.29252246841158,29342704400
2024-10-01 00:00:00-04:00,487.70001220703125,501.3500061035156,477.3999938964844,483.8500061035156,482.35174560546875,660176300,0.0,0.0,0.0,356.6606487135626,208.1881151930562,73.68657028486943,42.525613065924574,35.93914058791418,28682528100
2024-11-01 00:00:00-04:00,485.5,515.5800170898438,484.25,509.739990234375,508.1615295410156,567729800,0.0,0.0,0.0,362.6637601457513,211.18863136262158,82.98132171973874,44.38559493965488,37.62843145826232,29250257900
2024-12-01 00:00:00-05:00,511.010009765625,539.1500244140625,509.2900085449219,511.2300109863281,509.64697265625,627410500,0.835,0.0,0.0,368.48988762969555,214.17411772703656,85.83944551094095,45.4558890039624,39.19392296740234,29877668400
2025-01-01 00:00:00-05:00,514.2999877929688,533.8200073242188,499.70001220703125,522.2899780273438,521.5122680664062,677103100,0.0,0.0,0.0,374.521263723721,217.23994718276103,83.90407661367412,46.65869922851266,40.686878219624404,30554771500
2025-02-01 00:00:00-05:00,513.469970703125,540.8099975585938,496.92999267578125,508.1700134277344,507.413330078125,585211300,0.0,0.0,0.0,379.7623911630941,220.13477371256178,75.92642734889182,45.94296990101469,41.738096555902466,29969560200
2025-03-01 00:00:00-05:00,511.5199890136719,513.0399780273438,466.42999267578125,468.94000244140625,468.94000244140625,928171296,0.716,0.0,0.0,383.2595523896946,222.61044763026172,61.703376974458166,41.72918713097715,41.7363146709174,29041388904
